Лемма,Частота
задача,832
день,638
уровень,513
который,314
это,262
звезда,262
год,239
время,211
земля,192
солнце,174
какой,167
скорость,163
планета,151
определить,150
расстояние,147
свой,141
считать,138
мочь,136
один,136
орбита,135
небмех,132
масса,120
оценить,120
канал,117
иметь,115
быть,111
момент,111
ещё,109
астрономия,108
такой,104
255,103
олимпиада,102
сколько,100
равный,100
сферка,100
человек,96
занятие,96
система,92
солнечный,92
результат,89
точка,88
хотеть,88
очень,86
курс,85
луна,84
класс,83
первый,83
радиус,83
новый,82
некоторый,82
каждый,82
поверхность,81
155,79
наблюдение,75
весь,75
величина,74
всё,74
физика,73
спутник,73
сегодня,72
решение,71
последний,71
находиться,71
затмение,71
пост,70
составлять,70
астрономический,70
получить,70
сделать,68
высота,67
мой,66
центр,66
период,66
звёздный,65
телескоп,63
вопрос,63
найти,61
ученик,60
небесный,60
условие,58
двигаться,58
школьник,57
ребята,57
этап,57
два,56
наблюдатель,56
небо,55
галактика,55
дать,54
оказаться,54
самый,54
знать,54
стать,54
подготовка,54
максимальный,54
использовать,53
друг,52
сила,52
этот,51
ваш,51
космический,50
смочь,50
возможность,50
решить,50
участник,50
видеть,49
источник,49
наш,49
горизонт,49
любой,49
полный,49
задачка,48
другой,48
идея,48
пройти,48
пока,47
что,47
атмосфера,47
минимальный,47
свет,46
фото,46
широта,46
работа,46
плоскость,46
объект,45
хороший,45
разный,45
смотреть,45
плотность,45
близкий,45
тело,45
должный,45
круговой,45
всероса,45
астроном,44
полюс,44
размер,44
проходить,44
температура,44
наблюдать,43
угловой,43
тот,43
также,43
сам,43
посмотреть,43
движение,43
часть,42
тур,42
аппарат,42
северный,41
сторона,41
тема,41
направление,41
изображение,40
интересный,40
координата,40
давать,39
видимый,39
угол,39
предложить,39
количество,38
вокруг,38
работать,38
второй,38
355,38
корабль,38
пренебречь,37
кто,37
маленький,37
формат,37
час,37
взять,37
далёкий,37
делать,36
понять,36
поток,36
средний,35
путь,35
астероид,35
оптика,35
фотометрия,35
известно,35
группа,35
балл,35
траектория,35
отношение,35
экватор,35
вы,35
месяц,35
поле,35
земной,34
связь,34
стоить,34
думать,34
скопление,34
лунный,34
отбор,34
помочь,34
астрофиз,34
место,33
жизнь,33
мир,33
спасибо,33
начать,33
полярный,33
облако,33
диск,32
энергия,32
большой,32
ждать,32
написать,32
форма,32
диплом,32
значение,32
астрофизик,31
комментарий,31
100,31
московский,31
опубликовать,31
нужно,31
дата,30
область,30
больший,30
увидеть,30
карта,30
запись,30
постоянный,30
писать,30
неделя,30
идти,29
орбитальный,29
знание,29
яркий,29
почему,29
глаз,29
диаметр,29
несколько,29
простой,29
выше,29
хотя,29
просто,29
казаться,29
россия,28
чтоть,28
пара,28
олимпиадный,28
случай,28
минута,28
ось,28
всош,28
действительно,28
происходить,28
показать,27
созвездие,27
возможный,27
излучение,27
кстати,27
геометрия,27
метод,27
ответ,27
юпитер,27
необходимо,27
соответствовать,27
событие,27
задание,27
следующий,27
являться,27
струве,27
длина,27
сутки,26
открытый,26
относительно,26
линия,26
равно,26
ракета,26
принять,25
заключительный,25
регион,25
рад,25
отличаться,25
насколько,25
течение,25
оба,25
важный,25
общий,25
одинаковый,25
коллега,24
остаться,24
космос,24
число,24
наблюдаться,24
снимка,24
сюжет,24
ктоть,24
математик,24
кроме,24
однородный,24
сфера,24
поэтому,24
фаза,24
материал,24
данный,24
чёрный,24
венера,24
записаться,24
преподаватель,23
получиться,23
чат,23
вид,23
снимок,23
данные,23
появиться,23
полезный,23
попробовать,23
мск,23
классический,23
порядок,23
прямой,23
комета,23
цель,23
зависимость,23
сборная,22
главный,22
марс,22
положение,22
известный,22
точность,22
примерно,22
решать,22
шар,22
кружок,22
точно,22
верить,22
стараться,21
интересно,21
открыть,21
начинать,21
предел,21
равноденствие,21
получаться,21
параметр,21
красный,21
механик,21
интенсив,21
региональный,21
дело,21
опыт,21
волна,21
постараться,20
максимально,20
ребёнок,20
давление,20
допустить,20
достаточно,20
обсуждение,20
пора,20
модель,20
провести,20
поздравлять,20
поделиться,20
март,20
готовый,20
ссылка,20
изз,20
житель,20
начало,20
механика,20
голова,20
сигнал,20
конец,20
шанс,20
доля,20
база,20
вспышка,20
спустя,19
яркость,19
малый,19
луч,19
оптический,19
эффект,19
площадь,19
искать,19
финал,19
весенний,19
будущее,19
подход,19
причём,19
сказать,19
произойти,19
градус,19
комплект,19
город,19
разбор,19
эксцентриситет,19
проект,19
обнаружить,19
частица,19
экваториальный,19
блеск,19
вещество,19
зрение,19
оно,19
сатурн,19
школа,18
ночь,18
вообще,18
москва,18
похожий,18
процесс,18
формула,18
желать,18
успех,18
немного,18
фотография,18
лишь,18
остальной,18
пятно,18
выйти,18
кружка,18
победитель,18
слишком,18
закон,18
мера,18
прохождение,18
кмс,18
двигатель,18
вдоль,18
завтра,18
возможно,18
ситуация,18
навык,18
абсолютно,18
обращаться,18
небольшой,18
диапазон,18
спектр,18
регистрация,18
доступный,18
евгений,17
предмет,17
вести,17
быстро,17
объектив,17
прийтись,17
измениться,17
страна,17
способность,17
поглощение,17
сириус,17
учебный,17
главное,17
зеркало,17
белый,17
календарь,17
автор,17
ставить,17
подборка,17
раз,17
тип,17
базовый,17
чувствовать,17
именно,17
обязательно,17
рост,17
аудитория,17
мы,17
принимать,17
вблизи,17
понимать,17
особенно,17
реакция,17
предложение,17
вращение,17
составить,17
воздух,17
факт,17
информация,17
слой,17
школьный,16
он,16
предыдущий,16
наука,16
вариант,16
нужный,16
рефракция,16
программа,16
качество,16
астрочат,16
спбао,16
приятный,16
благодаря,16
параллель,16
состоять,16
оказываться,16
заниматься,16
видео,16
пусть,16
призёр,16
хотеться,16
групповой,16
отметить,16
пункт,16
важно,16
верхний,16
зонд,16
вселенная,15
крупный,15
значит,15
вместе,15
быстрый,15
успеть,15
высокий,15
олимпиадник,15
расположить,15
поверхностный,15
подумать,15
атмосферный,15
прошлый,15
собрать,15
февраль,15
получать,15
июнь,15
предлагать,15
итог,15
сложный,15
себя,15
уравнение,15
гравитационный,15
планировать,15
внимание,15
фтл,15
продолжать,15
помнить,15
урок,15
самостоятельно,15
падение,15
долгота,15
собственный,15
элемент,15
дом,15
выглядеть,15
необходимый,15
подписчик,15
сразу,14
эклиптика,14
вода,14
видно,14
посвятить,14
образование,14
смена,14
помощь,14
например,14
сегодняшний,14
ветка,14
противостояние,14
ровно,14
дух,14
лекция,14
вывод,14
центральный,14
позволить,14
около,14
половина,14
правда,14
среди,14
максимум,14
узнать,14
скорее,14
исследование,14
теор,14
тест,14
команда,14
полушарие,14
апрель,14
невооружённый,14
просить,14
май,14
частота,14
рассмотреть,14
идейный,14
обучение,14
физический,14
научиться,14
кольцо,14
лето,13
история,13
раздел,13
тематический,13
внезапно,13
причина,13
нижний,13
фокусный,13
направить,13
зенит,13
увеличение,13
российский,13
говорить,13
массовый,13
сообщество,13
образ,13
подобный,13
приходиться,13
создавать,13
импульс,13
самолёт,13
готовиться,13
позволять,13
стандартный,13
явление,13
коммент,13
серия,13
жить,13
оборот,13
существовать,13
всякий,13
красивый,13
масштаб,13
очередной,13
многие,13
пытаться,13
прийти,13
напомнить,13
истинный,13
выбрать,13
расти,13
сентябрь,13
участие,13
шаг,13
математический,13
рамка,13
теоретический,13
взаимодействие,13
праздник,13
соединение,13
пожалуйста,13
она,13
дружественный,13
лежать,13
наличие,13
космонавт,13
набор,13
eugene_boitsov,13
математика,12
круг,12
оставаться,12
мероприятие,12
пересечение,12
пояс,12
полностью,12
эффективный,12
развитие,12
утро,12
склонение,12
постоянно,12
действовать,12
модуль,12
представлять,12
пыль,12
запустить,12
женя,12
скоро,12
менее,12
теория,12
сильно,12
заранее,12
проводить,12
слово,12
оценка,12
ядро,12
южный,12
приходить,12
вклад,12
проекция,12
современный,12
обладать,12
поставить,12
ниже,12
выразить,12
апелляция,12
лучевой,12
ранний,12
назад,12
затем,12
действие,12
комуть,12
стартовать,12
новость,12
единица,12
летний,12
достигнуть,12
амс,12
толщина,12
край,12
совпадать,12
башня,12
пример,12
линза,12
меркурий,12
альпак,12
сайт,12
поздний,11
ценный,11
пять,11
становиться,11
профессиональный,11
достижение,11
красота,11
замечательный,11
связать,11
коэффициент,11
открытие,11
победа,11
оригинальный,11
приятно,11
назвать,11
межзвёздный,11
публиковать,11
единственный,11
ожидать,11
газ,11
упражнение,11
шарик,11
лист,11
короткий,11
сжатие,11
прак,11
выложить,11
великий,11
надеяться,11
учиться,11
сравнение,11
очередь,11
принцип,11
выходить,11
ход,11
индивидуальный,11
взлёт,11
середина,11
наверное,11
видный,11
среднее,11
личный,11
указать,11
номер,11
кривая,11
прошедшее,11
смысл,11
обсерватория,11
нейтронный,11
научный,11
ошибка,11
удаться,11
ехать,11
хватать,11
объяснить,11
магнитный,11
внутренний,11
электрон,11
свободный,11
алексей,11
поддерживать,11
способный,11
абсолютный,11
туманность,11
август,11
запуск,11
проведение,11
всётаки,11
долго,11
список,11
запомнить,11
поскольку,11
нынешний,11
вероятность,11
стоимость,11
начаться,10
педагог,10
миссия,10
множество,10
создать,10
отдельный,10
както,10
представить,10
ночной,10
фон,10
имя,10
фотон,10
сбор,10
зависеть,10
учёт,10
добрый,10
касаться,10
помогать,10
заметить,10
физтех,10
ориентировать,10
существование,10
юрий,10
рекомендовать,10
дополнительный,10
учитывать,10
технический,10
учёный,10
прецессия,10
прошлое,10
актуально,10
конкретный,10
они,10
знакомый,10
активность,10
окружность,10
пользоваться,10
речь,10
публикация,10
одновременно,10
наклонение,10
план,10
основной,10
цикл,10
разобраться,10
upd,10
местный,10
внешний,10
третий,10
рассказать,10
ютуба,10
технопарк,10
встреча,10
вещь,10
обратный,10
крайний,10
станция,10
300,10
продолжительность,10
наиболее,10
показатель,10
концентрация,10
память,10
сильный,10
большинство,10
азимут,10
прошлогодний,10
я,9
международный,9
роль,9
тёплый,9
рисунок,9
четыре,9
поездка,9
попасть,9
минимально,9
добавить,9
участвовать,9
построить,9
манёвр,9
гдеть,9
освещённость,9
каковой,9
специфический,9
гора,9
поверить,9
калькулятор,9
сей,9
присоединиться,9
вспомнить,9
книга,9
пропустить,9
тысяча,9
наступить,9
вроде,9
давно,9
практический,9
подходить,9
упомянуть,9
свойство,9
сквозь,9
открывать,9
вполне,9
мысль,9
версия,9
лично,9
столько,9
знак,9
меняться,9
исследовать,9
фокальный,9
вывести,9
испытывать,9
гипотеза,9
делиться,9
бойцов,9
личка,9
основный,9
изобразить,9
восхождение,9
иллюстрация,9
водород,9
мало,9
узел,9
полуось,9
забыть,9
эпоха,9
окрестность,9
особенность,9
реальный,9
однако,9
внутри,9
изменение,9
уникальный,9
покинуть,9
камера,9
полёт,9
установить,9
ряд,9
вращаться,9
ознакомиться,9
150,9
тонкий,9
топливо,9
график,9
секунда,9
сеть,9
бывать,9
дыра,9
проводиться,9
требовать,9
параллакс,9
просмотр,9
тыс,9
конструкция,9
суммарный,9
компонент,9
три,9
аномалия,9
уверенный,9
лёша,9
карлик,9
единичный,9
апекс,9
широкий,8
привязать,8
сюда,8
пространство,8
мао,8
окружающий,8
экспозиция,8
организовать,8
поддержка,8
немножко,8
туда,8
занятный,8
зато,8
трудно,8
уметь,8
парус,8
ради,8
достаточный,8
бумага,8
предстоять,8
полдень,8
привести,8
приложить,8
вызвать,8
astroedu_всош,8
проблема,8
использоваться,8
приближение,8
определение,8
аналемма,8
разумеется,8
начинаться,8
либо,8
буквально,8
граница,8
любить,8
бояться,8
впечатление,8
сферический,8
анализ,8
участок,8
основное,8
вычислить,8
далеко,8
вероятно,8
зайцев,8
какойтый,8
искусственный,8
выпускник,8
отборочный,8
честно,8
практика,8
наблюдательный,8
держать,8
пересекать,8
относиться,8
возвращаться,8
пульсар,8
перигелий,8
обратно,8
старый,8
055,8
встретиться,8
целый,8
удача,8
начинающий,8
старт,8
протон,8
дмитрий,8
век,8
тёмный,8
ты,8
развивать,8
космонавтика,8
удаление,8
восход,8
исходный,8
мкс,8
часто,8
доказать,8
усилие,8
основание,8
иметься,8
графика,8
повод,8
сюжетный,8
анонс,8
пылинка,8
перицентр,8
осколок,8
justscience,8
светимость,8
распределить,8
ответить,8
альбедо,8
зона,8
метеорит,8
измерение,8
ширина,8
бесплатный,8
глубина,7
наставник,7
медаль,7
независимо,7
отзыв,7
чувство,7
сообщение,7
оставить,7
ночью,7
преломление,7
география,7
кпк,7
диалог,7
показывать,7
рассказывать,7
честь,7
рядом,7
вчера,7
подписать,7
глубокий,7
север,7
проходная,7
контекст,7
активно,7
читать,7
никто,7
пойти,7
съёмка,7
игнатьев,7
колебание,7
пролетать,7
вчерашний,7
пропуск,7
взгляд,7
предположим,7
вектор,7
обычно,7
фактор,7
объём,7
пренебрегать,7
записать,7
кадр,7
довольно,7
мем,7
маршрут,7
желание,7
проверить,7
обращение,7
удивление,7
сумма,7
интерес,7
настоящий,7
поехать,7
картина,7
способ,7
подходящий,7
планетарный,7
световой,7
возраст,7
проверка,7
анонимный,7
дуга,7
разделять,7
устроить,7
октябрь,7
относительный,7
какаять,7
перечислить,7
следить,7
счёт,7
повезти,7
приобрести,7
вне,7
понимание,7
уютный,7
слабый,7
случайный,7
планетарий,7
понравиться,7
200,7
низкий,7
квал,7
рабочий,7
режим,7
степень,7
галактический,7
снова,7
картинка,7
схема,7
изучать,7
мешать,7
ноябрь,7
2025,7
исследовательский,7
наоборот,7
полезно,7
шарообразный,7
вес,7
хватить,7
статистика,7
мороз,7
часовой,7
свежий,7
альдебаран,7
astroedu_струве,7
темп,7
рассеяние,7
никакой,7
метеор,7
млн,7
мышление,7
чей,7
халявный,7
вечер,7
изменить,7
равномерно,7
упасть,7
деньга,7
околоземный,7
выполнение,7
наступать,7
олег,7
полоса,7
ручка,7
доступ,7
пластина,7
случиться,6
состав,6
всероссийский,6
судить,6
статья,6
удобный,6
зарядить,6
точный,6
состояться,6
основа,6
включить,6
придумать,6
таковой,6
млечный,6
постепенно,6
торможение,6
приносить,6
мощность,6
собирать,6
вылет,6
определяться,6
древний,6
запрос,6
подготовиться,6
созвон,6
живой,6
рука,6
воспользоваться,6
2024,6
набрать,6
воспринимать,6
честной,6
опираться,6
соответствующий,6
задачник,6
пролёт,6
штрафной,6
столкнуться,6
правильный,6
заходить,6
учесть,6
распространить,6
сезон,6
набирать,6
возникать,6
страх,6
появляться,6
тень,6
четверг,6
похоже,6
потребоваться,6
кмч,6
вершина,6
цилиндр,6
меридиан,6
соединять,6
вместо,6
особый,6
сожаление,6
характеристика,6
подробный,6
трек,6
уделить,6
старший,6
выбирать,6
очный,6
топ,6
огромный,6
2023,6
подобрать,6
осенний,6
попросить,6
вега,6
предварительный,6
критерий,6
astroedu_моша,6
просьба,6
инструмент,6
соотношение,6
использование,6
шрифт,6
зафиксировать,6
частый,6
горячий,6
человеческий,6
определять,6
2018,6
шахта,6
начальный,6
противоположный,6
избежать,6
подготовить,6
смещение,6
качественный,6
сопровождать,6
прочитать,6
всеросс,6
актуальный,6
колебаться,6
организатор,6
реальность,6
содержать,6
бросок,6
особо,6
долгопрудный,6
отложить,6
уйти,6
строго,6
вступительный,6
учитель,6
рождение,6
переживать,6
космодром,6
гелиоцентрический,6
эклиптический,6
соответственно,6
линейный,6
попадать,6
покоиться,6
цефеида,6
600,6
1000,6
покрытие,6
уран,6
июль,6
когдато,6
смешарик,6
герой,6
выпасть,6
радовать,6
вторник,6
трудность,6
обещать,6
аналогичный,6
спектральный,6
справиться,6
составление,6
значительный,6
рейтинг,6
цивилизация,6
западный,6
объяснение,6
зайти,6
гало,6
эллипс,6
забавный,6
уходить,6
составитель,6
исследователь,6
длительный,6
временной,6
задать,6
tmeanonquebotstartihr1e,6
проверять,6
заряд,6
подарок,6
сечение,6
щель,6
долететь,6
стратегия,6
повлиять,6
символ,6
фокус,6
запас,6
двойной,6
солнцестояние,6
эллиптический,6
обсудить,6
посетить,6
окуляр,6
сверхновый,6
дальнейший,6
блиц,6
совершить,6
озеро,6
послать,6
длинный,6
привет,6
мкм,6
достигать,6
круглый,6
дорога,6
радиотелескоп,6
спокойствие,6
продолжить,6
фильтр,6
заявка,6
дистанционный,6
светило,6
проницать,6
петя,6
нормальный,6
рекомендация,6
любитель,6
плоский,6
атом,6
грань,6
гелий,6
точечный,6
январь,6
тюменский,6
пропорциональный,6
проход,6
астрофизический,6
ступень,6
боец,5
разбираться,5
компания,5
плохой,5
обсуждать,5
локация,5
сначала,5
собственно,5
увеличиться,5
корень,5
пробел,5
сфокусировать,5
поколение,5
образовательный,5
набраться,5
частность,5
объяснять,5
весьма,5
закрытый,5
заставить,5
возвращение,5
имхо,5
casio,5
синий,5
поиск,5
посчитать,5
расписание,5
полтора,5
невозможно,5
душа,5
создаваться,5
справочный,5
наложение,5
лечь,5
шаровой,5
жёсткий,5
замкнутый,5
вечером,5
родиться,5
обратить,5
новичок,5
оболочка,5
случайно,5
придать,5
фотограф,5
терять,5
мотивация,5
выделить,5
лаконичный,5
целое,5
кассинь,5
сложность,5
геометрический,5
легко,5
альтернатива,5
образовать,5
необходимость,5
описать,5
распространённость,5
дорогой,5
бесконечный,5
загадочный,5
аномалистический,5
кемтый,5
потапов,5
годовой,5
благодарность,5
минимум,5
кусочек,5
кабинет,5
умение,5
различный,5
менять,5
фиксировать,5
называть,5
человечество,5
приём,5
семья,5
неподвижный,5
санктпетербург,5
молекулярный,5
сбросить,5
вылететь,5
физтехлица,5
лес,5
допускать,5
текущий,5
логика,5
вечерний,5
ваня,5
качественно,5
маятник,5
верный,5
индукция,5
выход,5
разделить,5
межнары,5
кульминация,5
егор,5
физтехлицей,5
тренер,5
лишний,5
установка,5
бесконечность,5
свобода,5
перестать,5
погрешность,5
польза,5
проработать,5
опытный,5
исключительно,5
юг,5
браться,5
белые,5
идеальный,5
побывать,5
открыться,5
включать,5
физически,5
поздравление,5
найтись,5
располагаться,5
экскурсия,5
брать,5
восходить,5
установленный,5
падать,5
тонна,5
планетный,5
обработка,5
наклон,5
цвет,5
улетать,5
многий,5
400,5
пасха,5
рассчитать,5
диаметрально,5
покрыть,5
экспериментальный,5
публиковаться,5
связанный,5
эксперимент,5
развиваться,5
заполнить,5
цена,5
второе,5
домашка,5
отмечаться,5
лаша,5
случаться,5
творить,5
зодиакальный,5
логический,5
напоминать,5
задавать,5
продолжение,5
играть,5
дева,5
подряд,5
занять,5
держаться,5
000,5
перпендикулярный,5
оказать,5
ускорение,5
вход,5
анон,5
рубль,5
запланировать,5
сперва,5
правило,5
сохранение,5
право,5
120,5
пароход,5
путешествие,5
километр,5
исключение,5
экзопланета,5
максим,5
вертикально,5
продукт,5
удобство,5
мяч,5
произвести,5
приехать,5
превосходить,5
злой,5
сообщить,5
радиусвектор,5
продолжаться,5
космология,5
альпаки,5
поучаствовать,5
готовить,5
описание,5
гелиодон,5
ботать,5
250,5
целлюлоза,5
приближаться,5
геоцентрический,5
пионер,5
инфографик,5
миллион,5
наверняка,5
разгон,5
прямо,5
функция,5
зарегистрироваться,5
аквариум,5
матрица,5
фотоаппарат,5
золото,5
экспедиция,5
интенсивный,5
реактивный,5
старание,5
астроолимпиада,5
остров,5
нацелить,5
халява,5
выдержка,5
сопротивление,5
проявляться,5
телефон,5
шелезяк,5
коробка,5
чай,5
познакомиться,4
устройство,4
эволюция,4
представление,4
2019,4
золотой,4
дипломант,4
добраться,4
хранить,4
присоединяться,4
знакомство,4
существующий,4
отсюда,4
рубрика,4
отправиться,4
полгода,4
слава,4
правильно,4
заглянуть,4
традиционно,4
входить,4
талант,4
общество,4
старое,4
обязать,4
критический,4
800,4
мерка,4
превратить,4
занимать,4
фраза,4
непосредственно,4
редкий,4
требоваться,4
эрудиция,4
метр,4
бумажный,4
жаба,4
фтля,4
скучать,4
погода,4
почитать,4
оригинал,4
легендарный,4
считаться,4
перелёт,4
лететь,4
наткнуться,4
шикарный,4
методичка,4
русский,4
рациональный,4
удовольствие,4
порадовать,4
извинить,4
консультация,4
пообщаться,4
активный,4
предстоящий,4
взглянуть,4
разобрать,4
вновь,4
санктпетербургский,4
примерный,4
покрывать,4
применение,4
обычный,4
тяготеть,4
пролететь,4
подъёмный,4
частный,4
общаться,4
сложно,4
послушать,4
никак,4
столкновение,4
посредством,4
тюмень,4
разбирать,4
влиять,4
ошибиться,4
доходить,4
ракурс,4
круто,4
дисциплина,4
всемирный,4
возрастание,4
следствие,4
вырасти,4
сохранить,4
долгий,4
скачать,4
радость,4
полноценно,4
зря,4
культ,4
применить,4
блин,4
специалист,4
факультатив,4
физтехлицый,4
совместный,4
стас,4
лёня,4
шесть,4
внести,4
успешный,4
затронуть,4
профильный,4
студент,4
десять,4
оттуда,4
отправить,4
связаться,4
2359,4
указанный,4
годограф,4
тесно,4
кеплер,4
выражение,4
приблизить,4
полноценный,4
пересечь,4
превратиться,4
часы,4
значимый,4
некий,4
нравиться,4
собраться,4
спрашивать,4
итоговый,4
специально,4
отдельно,4
улететь,4
плохо,4
бонусный,4
отмечать,4
прямолинейный,4
лицо,4
спать,4
дерзать,4
лёгкий,4
порешать,4
астронавт,4
недавно,4
молодой,4
искренне,4
благодарный,4
самоподготовка,4
машина,4
ввести,4
труд,4
четвёртый,4
дотянуть,4
понятие,4
массивный,4
воспоминание,4
ламповый,4
шутка,4
освоить,4
вертикальный,4
стаж,4
твой,4
формальный,4
комфортно,4
уделять,4
осень,4
откуда,4
инопланетянин,4
подписоты,4
рубеж,4
удалить,4
находить,4
негативный,4
спросить,4
причастный,4
территория,4
грамотно,4
майский,4
квалификационный,4
синодический,4
марсианский,4
ветер,4
геостационарный,4
антенна,4
передавать,4
автоматический,4
ггц,4
приёмник,4
зенитный,4
спиральный,4
нагрузка,4
сталкиваться,4
аналог,4
выбор,4
прикольный,4
ресурс,4
впервые,4
младший,4
великое,4
определённый,4
верно,4
календарный,4
окружение,4
изучение,4
сохранять,4
поглощать,4
специфика,4
отправка,4
кандидат,4
выполнять,4
положительный,4
измерить,4
следовать,4
неожиданный,4
подарить,4
нечётный,4
117,4
аргумент,4
посыл,4
содержание,4
ограничение,4
творческий,4
приводить,4
применять,4
запоминание,4
последовательность,4
создание,4
мозг,4
настолько,4
бонус,4
стихотворение,4
весы,4
доработать,4
загрузить,4
промежуток,4
столетие,4
завтрашний,4
конечный,4
жизненный,4
здравый,4
вперёд,4
сближение,4
бесплатно,4
характерный,4
влияние,4
приливный,4
узкий,4
детство,4
уточнить,4
зачастую,4
единомышленник,4
ориентироваться,4
игра,4
параболический,4
уменьшаться,4
средство,4
восхищаться,4
техника,4
точнее,4
слышать,4
прибыть,4
длиться,4
иначе,4
амплитуда,4
параллактический,4
притяжение,4
квадратура,4
2012,4
админ,4
упустить,4
этаж,4
удалённый,4
разница,4
перемещаться,4
популяризатор,4
космолёт,4
светофор,4
лампа,4
отдых,4
тусклый,4
годичный,4
совместно,4
розыгрыш,4
зеркальный,4
совместить,4
район,4
noblfriend,4
бви,4
рекорд,4
320,4
оплата,4
лама,4
альпака,4
шерсть,4
ферма,4
финальный,4
тотальный,4
получение,4
ощущение,4
копать,4
прикрепить,4
внимательно,4
автопроход,4
муниципалка,4
vpn,4
зачисление,4
сложить,4
гсм³,4
погружение,4
серьёзный,4
силлабус,4
прислать,4
отсутствие,4
ребрикова,4
повысить,4
нить,4
обновить,4
технология,4
капица,4
инициатива,4
интенсивно,4
бойцовский,4
клуб,4
масштабный,4
зима,4
путешествовать,4
приоритет,4
близость,4
ребро,4
куба,4
продать,4
поступление,4
землянин,4
пропускание,4
водородный,4
11классник,4
положить,4
отверстие,4
шаблон,4
опрос,4
сыграть,4
следовательно,4
непонятный,4
1850,4
пиксель,4
мэв,4
звёздочка,4
10000,4
руб,4
дед,4
пробник,4
стартовый,4
вернуться,4
раунд,4
болтик,4
государственный,4
специальный,4
весна,4
сао,4
общение,4
черта,4
чисёлка,4
муся,4
астрошкола,4
испытание,4
радар,4
рим,4
химия,3
биология,3
ioaa,3
посчастливиться,3
наставлять,3
социальный,3
учреждение,3
трое,3
межнара,3
прикоснуться,3
подписываться,3
обрести,3
профиль,3
стремиться,3
взрывной,3
продублировать,3
исправляться,3
койперо,3
распределение,3
прочий,3
жаль,3
вднх,3
выставка,3
astroedu,3
коготь,3
кит,3
покидать,3
нулевой,3
методический,3
приложение,3
ошибаться,3
входной,3
самостоятельный,3
естественнонаучный,3
квадратный,3
неизбежно,3
воздушный,3
счастливый,3
пожалуй,3
азимутальный,3
бта,3
рефлексия,3
инженерный,3
касио,3
пробовать,3
скрин,3
пропускать,3
сидеть,3
пассажир,3
лайфхак,3
паблик,3
заметка,3
виарнольд,3
учёба,3
достойный,3
цепной,3
дробь,3
закат,3
палец,3
1830,3
резко,3
какиеть,3
воскресение,3
ученица,3
поновое,3
авторский,3
естественный,3
запихнуть,3
наработка,3
попытаться,3
риск,3
короче,3
пренебрежимый,3
скинуть,3
выкладка,3
встречаться,3
ключевой,3
стоять,3
совпасть,3
порефлексировать,3
необычный,3
домашний,3
образоваться,3
канада,3
параллельный,3
франция,3
внимательный,3
запостить,3
уменьшить,3
звучать,3
владимир,3
прикладывать,3
мужчина,3
высказать,3
иной,3
добыть,3
светить,3
личность,3
смоделировать,3
топ1,3
выраженный,3
новобранец,3
почувствовать,3
дебри,3
разговор,3
культура,3
мерч,3
двое,3
соавтор,3
влиться,3
утс,3
присылать,3
астрономичный,3
ловить,3
вестись,3
18h,3
1500,3
вызывать,3
соответствие,3
штука,3
описывать,3
крутой,3
жесть,3
встретить,3
comic,3
sans,3
лень,3
мнение,3
пожелать,3
совершать,3
ничтожный,3
интервал,3
аккреции,3
метеорный,3
радиант,3
надёжный,3
принадлежать,3
змея,3
дракон,3
вернуть,3
навсегда,3
бинго,3
обидно,3
заполнять,3
прибор,3
борт,3
успешно,3
организация,3
неожиданно,3
согласиться,3
изложить,3
письменный,3
суть,3
классный,3
встречать,3
присутствовать,3
заслуживать,3
сомнение,3
свечение,3
обозримый,3
расположиться,3
восток,3
электростатический,3
протокол,3
астрочатовца,3
удаляться,3
член,3
андреев,3
ценить,3
профессионал,3
индивидуально,3
вытащить,3
факап,3
неудача,3
негатив,3
лента,3
закономерность,3
пропорционально,3
искусство,3
шкала,3
соседний,3
твёрдый,3
незначительный,3
европа,3
медведица,3
утром,3
угольник,3
1700,3
сигнальный,3
примечание,3
предлагаться,3
файл,3
чтолибо,3
учить,3
повышать,3
язык,3
руководитель,3
институт,3
научить,3
святой,3
мечтать,3
продуктивный,3
окружить,3
позиция,3
стена,3
отправляться,3
передать,3
бывший,3
формировать,3
музыка,3
пообещать,3
подписка,3
одноклассник,3
оправданный,3
интернет,3
попытка,3
мечта,3
отдельность,3
ролевый,3
серьёзно,3
посвоему,3
1961,3
потихоньку,3
заявить,3
слабо,3
племя,3
передатчик,3
чувствительность,3
обеспечивать,3
lzt,3
жидкий,3
сверхгалактический,3
серый,3
заход,3
понижение,3
сообщать,3
остановиться,3
капля,3
2000,3
материнский,3
практически,3
выделяться,3
светлый,3
барнард,3
молекула,3
кубический,3
комната,3
молярный,3
гмоль,3
алгоритм,3
стиль,3
григорианский,3
кратный,3
михаил,3
билет,3
нагнать,3
океан,3
структура,3
мышца,3
дойти,3
отказаться,3
испытать,3
равенство,3
вызов,3
финансовый,3
намечаться,3
вспоминать,3
турнир,3
мфть,3
идентичный,3
дополнительно,3
треугольник,3
стереографический,3
аналитический,3
owao,3
поведение,3
квалах,3
отменить,3
реализовать,3
python,3
9классник,3
акцент,3
редко,3
протяжение,3
морально,3
четверть,3
суббота,3
название,3
море,3
советский,3
луноход,3
селенографический,3
посадка,3
череда,3
потенциальный,3
практур,3
насмотренность,3
тянуть,3
генерация,3
отходить,3
ведение,3
деталь,3
угодный,3
ассоциативный,3
пребывание,3
звено,3
показаться,3
выучить,3
пастбище,3
поймать,3
скорпион,3
путать,3
астрометрия,3
подвести,3
сертификат,3
благо,3
срок,3
заинтересованный,3
ударный,3
суметь,3
родитель,3
долгопериодический,3
столица,3
манометр,3
диафрагма,3
одиночный,3
сут,3
термоядерный,3
недра,3
пробег,3
180,3
антисолнечный,3
элонгация,3
165,3
предположить,3
продавать,3
запускать,3
методист,3
куратор,3
листочек,3
равномерный,3
удельный,3
5000,3
журнал,3
видение,3
наблюдалка,3
мировой,3
доверять,3
обойти,3
телеграм,3
отменять,3
ничто,3
понятный,3
вынести,3
родный,3
решиться,3
теплоёмкость,3
109,3
неограниченно,3
здоровье,3
заря,3
полчаса,3
отработка,3
докрутить,3
зимний,3
полночь,3
выпуск,3
новолуние,3
разрешить,3
225,3
128,3
неаполь,3
новороссийск,3
подключиться,3
суточный,3
закрыть,3
сформироваться,3
арцгольд,3
взрыв,3
ура,3
последовательный,3
недавний,3
насквозь,3
тоннель,3
спектрограф,3
лабораторный,3
длительность,3
неваляшка,3
подсказка,3
страшный,3
симметричный,3
параллельно,3
либрация,3
тормозной,3
тишина,3
окно,3
устать,3
повышенный,3
подробность,3
отличие,3
простота,3
разрыв,3
прозрачный,3
пик,3
рассчитывать,3
выигрывать,3
вуз,3
подойти,3
заветный,3
реклама,3
превращение,3
объективный,3
останавливаться,3
распространение,3
интерферометр,3
обратиться,3
предоставить,3
ходить,3
корова,3
патрон,3
трижды,3
умиротворение,3
нюанс,3
настоятельно,3
цепочка,3
повествование,3
плюс,3
системность,3
концепция,3
след,3
любимый,3
понадобиться,3
освещение,3
выступать,3
моделирование,3
диагностический,3
письмо,3
войти,3
диагностика,3
тестирование,3
декабрь,3
сверху,3
млрд,3
плотно,3
пополам,3
википедия,3
фольга,3
задумка,3
поздно,3
202,3
скайчарт,3
озон,3
ганимед,3
существенно,3
ладный,3
трансляция,3
1630,3
назначить,3
наземный,3
радиостанция,3
завершить,3
дешёвый,3
насладиться,3
орг,3
разбалловка,3
секстант,3
заканчиваться,3
ясный,3
контрольный,3
председатель,3
станиславович,3
любовь,3
засветка,3
платформа,3
перицентрический,3
янва,3
интересоваться,3
малое,3
c2023a3,3
горизонтальный,3
душный,3
жена,3
учительница,3
кипение,3
довести,3
протозвезда,3
разум,3
пояснить,3
исходно,3
забавно,3
произвольный,3
тяга,3
студия,3
понятно,3
лектор,3
ровный,3
дневный,3
когданибудь,3
пельмень,3
покупать,3
платный,3
мая,3
обучаться,3
погулять,3
рыбова,3
рыбка,3
аберрация,3
700,3
шестой,3
состояние,3
колесо,3
заслать,3
ломоносов,3
значительно,3
потенциал,3
кордылевский,3
против,3
накидать,3
выборка,3
университет,3
276,3
всеросник,3
пробный,3
репост,3
ксенон,3
мина,3
олёкменск,3
рег,3
требование,3
типичный,3
услуга,3
911,3
доступно,3
среда,3
урывками,3
штучный,3
шлифовать,3
формулировать,3
связка,3
озадачить,3
находка,3
избавиться,3
генерировать,3
запасти,3
кладязь,3
гроб,3
ломаться,3
сбвс,3
iao,3
традиционный,3
титан,3
сравнить,3
осло,3
нейтрино,3
галлия,3
лишить,3
представимый,3
неизвестный,3
реализация,3
автомобиль,3
новогодний,3
таблица,3
рекламный,3
национальный,3
освежить,3
nac,3
выезд,3
рейс,3
ум,3
спираль,3
поступить,3
оценивание,3
фигура,3
тренировка,3
мимо,3
фонд,3
8го,3
превышать,3
подать,3
бланк,3
численный,3
путешественник,3
пан,3
анекдот,3
соударение,3
366,3
интенсивность,3
конфигурация,3
коммуникация,3
распад,3
выделять,3
1030,3
мячик,3
сборный,3
запечатлеть,3
гармоничный,3
пицца,3
квалов,3
кремний,3
аноо,3
освоение,3
аккреция,3
сечь,3
римский,3
чайный,3
знакомиться,2
познание,2
экономика,2
завершиться,2
владелец,2
десятка,2
равнодушный,2
нести,2
увеличить,2
завести,2
оффтоп,2
залетать,2
забросить,2
20202021,2
десятилетие,2
улица,2
дождь,2
залить,2
труба,2
выливать,2
кривизна,2
немноожко,2
засветиться,2
аллея,2
наложиться,2
выступить,2
торжественный,2
вдохновиться,2
тройка,2
завоевать,2
федерация,2
накопить,2
андромеда,2
космологический,2
приниматься,2
орион,2
нормально,2
поразный,2
2015,2
пинцет,2
микроскопический,2
беседа,2
пойнтингаробертсон,2
выложук,2
176,2
пожелание,2
потолок,2
прогуляться,2
футболка,2
осознавать,2
всеросом,2
куча,2
тезис,2
адлер,2
435,2
женить,2
погодный,2
перейти,2
тгканал,2
приглашать,2
аватарка,2
передовой,2
ностальгия,2
20192020,2
рельеф,2
уместный,2
иррациональный,2
упрощать,2
вычисление,2
гринвич,2
удобно,2
дискорд,2
матанализ,2
запретить,2
детский,2
топор,2
почемуть,2
местность,2
пресловутый,2
5050,2
издание,2
грать,2
гармонический,2
задачный,2
аналогия,2
трение,2
соседство,2
повышение,2
квалификация,2
основать,2
эмоция,2
закрепить,2
органично,2
усложнить,2
попрактиковаться,2
заметно,2
лонгрид,2
громоздкий,2
месить,2
глина,2
отводить,2
боль,2
опора,2
спровоцировать,2
опорный,2
систематически,2
радостно,2
продиктовать,2
давность,2
20162017,2
вдохновляться,2
муза,2
достать,2
какойнибудь,2
упростить,2
загуглить,2
баянистый,2
45ий,2
спроектировать,2
догадаться,2
приполярный,2
сборник,2
упоминать,2
прелесть,2
фольклор,2
упоминание,2
баян,2
прекрасный,2
столь,2
принести,2
содержимое,2
расставить,2
противонаправить,2
задумываться,2
потратить,2
правый,2
косинус,2
оранжевый,2
преподавательский,2
заслуга,2
порекомендовать,2
забрать,2
метил,2
продвинуть,2
частенько,2
уход,2
китайский,2
удивительно,2
абсолют,2
поблагодарить,2
выступление,2
нераспространённый,2
осознание,2
придавать,2
осознать,2
немой,2
огонёк,2
частично,2
договориться,2
разыграть,2
вообщеть,2
понедельник,2
диаграмма,2
планироваться,2
альфа,2
лир,2
36m,2
56s,2
dec,2
скан,2
титульный,2
пострегистрация,2
код,2
кеплеров,2
заложить,2
интеграл,2
трансверсальный,2
оформить,2
отклонение,2
0306,2
светло,2
проспать,2
опция,2
среднесолнечный,2
скидывать,2
подражание,2
штрих,2
документ,2
оправдать,2
услышать,2
непонимание,2
враг,2
бить,2
радиосигнал,2
шуточный,2
физик,2
император,2
обитатель,2
уголок,2
едва,2
карл,2
саган,2
astroedu_спбао,2
поддержать,2
радиопульсар,2
0001,2
20112012,2
вследствие,2
20182019,2
джакобинициннер,2
прорыть,2
оснастить,2
выбросить,2
110,2
гостевский,2
оперативно,2
называться,2
драконический,2
надоесть,2
желательно,2
аккуратный,2
заселиться,2
очно,2
довестись,2
продемонстрировать,2
прежде,2
мощный,2
недостаточно,2
отбросить,2
срочно,2
перенести,2
десятый,2
тропик,2
олимпиадка,2
аллен,2
4000,2
запад,2
6400,2
убывать,2
чередоваться,2
свести,2
ткачёв,2
александр,2
андрей,2
отдушина,2
подрасти,2
улучшать,2
лев,2
молодец,2
системный,2
сердце,2
кейс,2
позитив,2
землялуна,2
программирование,2
видимо,2
читатель,2
даться,2
теневой,2
195,2
обжа,2
ездить,2
приписка,2
каменный,2
сон,2
одиночка,2
заблудиться,2
электронный,2
какоеть,2
ракетница,2
9ых,2
1011,2
ужасный,2
разглядеть,2
извлечь,2
сомневаться,2
пригласить,2
крутиться,2
назойливый,2
окончить,2
очевидный,2
прыгнуть,2
переживание,2
пригодиться,2
своеобразный,2
тренерский,2
штаб,2
отождествить,2
снизу,2
вверх,2
слушатель,2
повторение,2
пожалеть,2
02ᵐ,2
червоточина,2
грузиться,2
остановить,2
купол,2
лицей,2
здание,2
обалдеть,2
счесть,2
снимать,2
летсплей,2
фоновый,2
кринж,2
зритель,2
ностальгический,2
контент,2
ценность,2
чел,2
гагарин,2
многое,2
многогранный,2
притянуть,2
страшно,2
248,2
шоу,2
научнопопулярный,2
слот,2
отозваться,2
закономерно,2
прощение,2
изменяться,2
сжимать,2
плазма,2
снять,2
очки,2
ррыр,2
различать,2
семь,2
сестра,2
адкс,2
межпланетный,2
квт,2
обработать,2
изофота,2
жидкозеркальный,2
122,2
ртуть,2
136,2
гсм3,2
переменность,2
визуальный,2
рукав,2
вписаться,2
указание,2
joshi,2
мусор,2
размещение,2
диванный,2
войско,2
кот,2
диван,2
котик,2
кошачий,2
прыжок,2
козерог,2
появление,2
ежегодный,2
нижегородский,2
потеря,2
рентгеновский,2
предложный,2
обусловить,2
природа,2
классификация,2
лояльный,2
мультфильм,2
рассвет,2
глобула,2
погружаться,2
зверь,2
оглядка,2
решающий,2
кавказ,2
нередко,2
впечатлять,2
сбыться,2
паста,2
полутеневой,2
юлианский,2
обозначение,2
остаток,2
деление,2
наступление,2
переменный,2
насыщенный,2
быстренько,2
нейтринный,2
детектор,2
размять,2
длиннопост,2
планк,2
банан,2
поиграть,2
научпоп,2
сплошной,2
апрельский,2
рискнуть,2
доступность,2
заявление,2
соканалец,2
гордиться,2
неоценимый,2
сингапур,2
подняться,2
астеризм,2
тепловой,2
циклотронный,2
сто,2
промелькнуть,2
раскрыть,2
просрочка,2
оформление,2
топовый,2
довольный,2
невысокий,2
разнообразие,2
успешность,2
написание,2
неоднородный,2
явно,2
заметный,2
443,2
снизить,2
методика,2
вносить,2
корректив,2
перспектива,2
зажигать,2
кононович,2
кусок,2
ветчина,2
струвыша,2
любознательный,2
милый,2
кинематика,2
эксплуатировать,2
решаться,2
отсчёт,2
бабушка,2
побережье,2
кратер,2
подсказать,2
какуюто,2
дичь,2
влетать,2
вылетать,2
наложить,2
подниматься,2
плод,2
безусловно,2
любопытство,2
миксовать,2
заменить,2
альтернативный,2
объединять,2
деятельность,2
творчество,2
подписчица,2
полнолуние,2
логически,2
ломать,2
выстраивать,2
запоминать,2
угольников,2
тег,2
астрокарточка,2
рыба,2
рак,2
стрелец,2
характер,2
поместить,2
астролог,2
вплоть,2
бот,2
закончиться,2
похвальный,2
грамота,2
прошедший,2
выдохнуть,2
взойти,2
поясной,2
237,2
лобовой,2
объявить,2
тяжесть,2
фотосфера,2
признание,2
ядерный,2
спасение,2
послезавтра,2
поработать,2
поболтать,2
грубо,2
101,2
критиковать,2
ляп,2
согласно,2
10⁷,2
выдерживать,2
перегрузка,2
означать,2
входящий,2
хаббловский,2
расширение,2
стрелка,2
103,2
эмоционально,2
тяжело,2
массово,2
объявление,2
извне,2
мол,2
гост,2
105,2
мальчик,2
отработать,2
врождённый,2
усиливать,2
висеть,2
совершенно,2
карьера,2
надёжно,2
разряд,2
вложить,2
есть,2
завтрак,2
вопервое,2
выполняться,2
наивный,2
элементарный,2
целиком,2
учебник,2
возвести,2
смерть,2
гигант,2
содержаться,2
маршрутка,2
обл,2
111,2
петербург,2
поэт,2
гражданский,2
сумерки,2
112,2
респект,2
ангстрем,2
115,2
какойлибо,2
116,2
119,2
1298,2
биб,2
боб,2
лупа,2
пуп,2
сидерический,2
роберт,2
здоровый,2
20кратное,2
дифракционный,2
разрешение,2
125,2
126,2
127,2
натуральный,2
1900,2
оставлять,2
свайпни,2
грех,2
131,2
132,2
перевести,2
околосолнечный,2
астротурнир,2
135,2
газовый,2
макс,2
беспрецедентный,2
исполнительность,2
выставить,2
140,2
разлететься,2
топтаться,2
142,2
42ч,2
28мина,2
ngc,2
годный,2
жанр,2
некто,2
горизонтально,2
инженер,2
отпустить,2
юпитерианский,2
дифференциальный,2
152,2
бесконечно,2
просматривать,2
форт,2
боярд,2
подбрасывание,2
монетка,2
чётный,2
далее,2
надежда,2
поддаться,2
нахалява,2
astro,2
испугаться,2
650,2
пилот,2
зелёный,2
мотив,2
квест,2
подписаться,2
биня,2
напрямую,2
выходной,2
накопиться,2
расколоться,2
культовчанин,2
несправедливый,2
ятаки,2
захотеть,2
160,2
рассуждать,2
разность,2
городской,2
420,2
сабскрибера,2
летать,2
стержень,2
1100,2
прокачать,2
металлический,2
выточить,2
параболоид,2
utc,2
танкер,2
приблизиться,2
материк,2
берег,2
170,2
виктория,2
оказывать,2
разрешать,2
близорукий,2
дефект,2
мгу,2
вшэ,2
записываться,2
включительно,2
эпизод,2
неправильно,2
выкатить,2
отрезок,2
нуждаться,2
безопасность,2
носить,2
посёлок,2
утренний,2
родственник,2
викунья,2
верблюд,2
альпачий,2
нанести,2
зуб,2
зарегистрировать,2
шотландский,2
пулемёт,2
пуля,2
кавалерист,2
разогнаться,2
пробить,2
отметка,2
прогулка,2
отражённый,2
ролик,2
итак,2
беглый,2
связывать,2
заменять,2
убеждённый,2
расслабляться,2
ребрик,2
подбирать,2
обилие,2
признательный,2
угадать,2
маякнит,2
кульминировать,2
мотивировать,2
инструкция,2
почта,2
подтверждать,2
дистанционно,2
регистрироваться,2
подразумевать,2
отводиться,2
призвать,2
185,2
провал,2
затменный,2
анализировать,2
обосновать,2
предсказать,2
спрогнозировать,2
часами,2
адиабатический,2
440,2
сложение,2
httpskapitsacentereventsnebesnyemehaniki,2
кгм³,2
замечать,2
вквидео,2
вячеслав,2
борисович,2
201,2
ежедневно,2
соображение,2
заботать,2
сгенерировать,2
охрана,2
клетка,2
ультрафиолетовый,2
280,2
корректный,2
забывать,2
показательный,2
постройка,2
изучить,2
выясниться,2
профессия,2
локальный,2
208,2
ионосфера,2
10⁶,2
отсчитывать,2
наметить,2
минутный,2
готовность,2
разбитый,2
иить,2
привлекательный,2
переходить,2
предпочитать,2
конкурентный,2
преимущество,2
пятый,2
шарить,2
сместить,2
оторваться,2
геодезический,2
эллипсоид,2
какиелибо,2
руководство,2
подростковый,2
пересмотреть,2
москвич,2
незадолго,2
эра,2
тематика,2
подумывать,2
перезаписать,2
пустить,2
плейлист,2
222,2
инфракрасный,2
добиться,2
востребовать,2
поздравить,2
апоцентрический,2
действительность,2
заблокировать,2
спец,2
видимость,2
311,2
тропический,2
36524219,2
эффективно,2
джкгс,2
поднять,2
постить,2
230,2
демонстрировать,2
цельсий,2
теплопроводность,2
брат,2
ктонибыть,2
догадываться,2
сми,2
гденибыть,2
неразумный,2
бегство,2
парить,2
протестировать,2
расположение,2
контроль,2
бегать,2
знающий,2
захватывать,2
выкладывать,2
трюк,2
пучок,2
утверждение,2
вайба,2
выспаться,2
парень,2
сварить,2
отвечать,2
повторить,2
сша,2
прямоугольный,2
параллелепипед,2
ограничить,2
перевод,2
гладкий,2
корректировка,2
каталог,2
гиппарх,2
погсон,2
лом,2
цитата,2
цитаты_большого_пс,2
заполучить,2
механизм,2
отдохнуть,2
апертура,2
ровер,2
существенный,2
продлиться,2
позитрон,2
аберрационный,2
903,2
мгц,2
tau,2
предусмотреть,2
711,2
однозначно,2
хаббнуть,2
характеризовать,2
вариация,2
превосходящий,2
догнать,2
демонстрация,2
пылевой,2
268,2
6563,2
покой,2
механический,2
ньютон,2
285,2
masгод,2
непосредственный,2
отражать,2
418,2
слева,2
исчезнуть,2
рождаться,2
изотермический,2
нечто,2
якутск,2
сходить,2
коснуться,2
напольный,2
прочность,2
достойно,2
анонсик,2
касательно,2
позитивный,2
чёткий,2
онлайнконсультация,2
сопоставимый,2
вырваться,2
обойтись,2
ознакомление,2
саша,2
оля,2
переписка,2
реально,2
коленка,2
подсветить,2
объективно,2
азот,2
кпа,2
100мма,2
пзсматрица,2
поправить,2
недружественный,2
сопровождение,2
убрать,2
нуль,2
записывать,2
восточный,2
294,2
445,2
сохраниться,2
аккаунт,2
посещать,2
борьба,2
счастие,2
сопротивляться,2
отдавать,2
полутень,2
пробиться,2
строить,2
нешаблонный,2
кодовый,2
гомановский,2
совпадение,2
грядущий,2
многочисленный,2
заголовок,2
перечневый,2
каникулы,2
водитель,2
скрыться,2
художник,2
астр,2
истина,2
формулировка,2
исходить,2
выкладываться,2
рубмес,2
вероятный,2
выключить,2
слух,2
текст,2
эльбрус,2
растянуться,2
виток,2
жалко,2
увлечение,2
юмор,2
конкретно,2
неприятный,2
смешной,2
мясичко,2
тесто,2
330,2
внеземной,2
boeing,2
737,2
airbus,2
a380,2
размах,2
крыло,2
343,2
февральский,2
выполнить,2
сгорание,2
ракетный,2
предсказывать,2
задерживаться,2
предсказуемый,2
грустно,2
ориентация,2
верходанов,2
трёхлетний,2
окончание,2
тьютор,2
афш,2
партнёр,2
восьмиклассник,2
пьяный,2
лётчик,2
валера,2
увеличивать,2
превышение,2
неэффективный,2
тратить,2
отсортировать,2
систематический,2
сценарий,2
убедиться,2
сместиться,2
дедлайн,2
успевать,2
спокойно,2
эмодзь,2
ассуфь,2
медведь,2
صورة,2
الدب,2
الاصغر,2
علي,2
يري,2
еноп,2
дверь,2
нереальный,2
спрос,2
рефлектор,2
помимо,2
городище,2
аланец,2
ран,2
комплекс,2
энк,2
хребет,2
361,2
размерность,2
выпадать,2
учитываться,2
индивидуальщик,2
фмш,2
слушать,2
препод,2
кислород,2
вечный,2
последовательно,2
каракас,2
6656,2
кито,2
013,2
7831,2
378,2
стесняться,2
рассматривать,2
жора,2
упругий,2
скакать,2
тормозить,2
залайкать,2
открываться,2
апелляционный,2
комиссия,2
перпендикулярно,2
экран,2
тяжёлый,2
доверие,2
эвера,2
удалённость,2
керосин,2
фронт,2
набла,2
стихия,2
аспект,2
напрячь,2
павел,2
катапульта,2
spinlaunch,2
разгонять,2
полежать,2
вникать,2
810,2
доп,2
уверенность,2
избранный,2
забываться,2
погоня,2
имбанавык,2
конкурент,2
маячить,2
математически,2
excel,2
пипа,2
цуп,2
цупа,2
ответный,2
nной,2
измерять,2
кошечка,2
двадцать,2
проживать,2
легенда,2
прожить,2
кошачих,2
пригласительный,2
будущий,2
ведущий,2
предполагать,2
цифра,2
республика,2
башкортостан,2
челябинский,2
стенка,2
излучать,2
половинка,2
мотивированный,2
2300,2
продлить,2
цепь,2
перигей,2
атрий,2
галлей,2
чёрточка,2
перемещение,2
затмевать,2
пиксел,2
накопление,2
егэ,2
люблян,2
парадокс,2
радиолокация,2
сеанс,2
переходящий,2
внимательность,2
квазар,2
исз,2
кмсек,2
лицензия,2
460,2
звать,1
влюбиться,1
многогранность,1
философский,1
углублять,1
формироваться,1
социум,1
астрономомшкольник,1
подопечный,1
уносить,1
бережно,1
транслировать,1
укрепляться,1
стремление,1
убеждаться,1
единожды,1
касание,1
обозревать,1
кестхей,1
венгрия,1
курсовинтенсив,1
обсуждаться,1
околоастрономический,1
отделить,1
комбо,1
хей,1
нук,1
осваивать,1
планетгигант,1
кентавр,1
телескопрефлектор,1
укоротить,1
хоха,1
съездить,1
павильон,1
приезд,1
выставкефорум,1
награда,1
серебряный,1
состязание,1
859,1
468,1
проба,1
министерство,1
просвещение,1
воть,1
доброжелатель,1
заснять,1
меркнуть,1
иллюминация,1
напридумывать,1
думалка,1
чтонибыть,1
пропорция,1
отклик,1
голосование,1
перчинка,1
20122013,1
отклоняться,1
перпендикуляр,1
занятно,1
тенденция,1
снижаться,1
вовсю,1
разрастаться,1
астрономвсеросник,1
обсчитывать,1
такихтый,1
лазерный,1
перетаскивать,1
применяться,1
эддингтон,1
миграция,1
периферия,1
упражненьице,1
e1360,1
втм2,1
1360,1
раcкрытый,1
оговориться,1
преподавание,1
сопрячь,1
наработать,1
запихать,1
закрытие,1
эпичный,1
лопаться,1
лазер,1
осыпать,1
перевернуть,1
гм2,1
отлёт,1
обжигать,1
вездесущие,1
аромат,1
мимоза,1
нос,1
выехать,1
разгореться,1
991ex,1
classwiz,1
жалкий,1
пародия,1
неповторимый,1
991es,1
plus,1
замереть,1
всероснуть,1
0403,1
тимугруппа,1
подобие,1
бездарь,1
сбпао,1
придумывание,1
затриггерить,1
рандомного,1
рановато,1
ильяс,1
13ю,1
гильберт,1
прогнозирование,1
резонанс,1
брошюрка,1
умножить,1
полупрак,1
56я,1
2902,1
030621,1
сколькото,1
часполтор,1
httpsdiscordggtppcmasu,1
сервер,1
сферке,1
померить,1
искажение,1
упороться,1
честный,1
формально,1
шляпа,1
применимость,1
поделитьумножить,1
наполниться,1
пренебрежение,1
ощутить,1
восторг,1
20132014,1
восьмёрка,1
поупражняться,1
заполнение,1
экспрессразбор,1
весёлый,1
фана,1
маневрировать,1
безопасный,1
врезаться,1
клондайк,1
пооптимизировать,1
поискать,1
влетающихвылетать,1
динамический,1
незаезженный,1
фотосет,1
заяц,1
матёрый,1
набирание,1
интересноне,1
подостыть,1
полый,1
смс,1
тригонометрия,1
самоконтроль,1
спб,1
ошибочный,1
отвести,1
подраздел,1
обрастать,1
раскручивать,1
выписать,1
плодить,1
угнетение,1
неинтуитивность,1
пережить,1
скука,1
улавливать,1
изящно,1
искомый,1
непредсказуемость,1
тщательный,1
вариться,1
динамично,1
развивающийся,1
каноничный,1
многолетний,1
стандарт,1
20летний,1
драйвит,1
пустыня,1
сахар,1
подводка,1
вихрь,1
выродить,1
впихивать,1
сеттинг,1
прикладной,1
ручаться,1
конус,1
внедорожник,1
проехать,1
сушить,1
5545,1
3737,1
сидень,1
4608,1
6011,1
краткий,1
касательный,1
победить,1
конический,1
неправдоподобный,1
растягивание,1
авторство,1
сегмент,1
известность,1
ранг,1
присутствие,1
арнольд,1
меткий,1
полста,1
игоревич,1
изящный,1
задачничек,1
девушка,1
натура,1
неиссякаемый,1
вглядываться,1
фотооткрытка,1
спутникакубсат,1
умка,1
rs40s,1
сочинительство,1
цветочек,1
балдёжный,1
прецессировать,1
кеплеровский,1
апсида,1
отрицательный,1
термин,1
жестковатый,1
вряд,1
повергнуть,1
20222023,1
краса,1
засыпка,1
странный,1
лысый,1
кучковаться,1
устрой,1
пропаганда,1
извратить,1
действенный,1
когдалибо,1
ям,1
исторически,1
сложиться,1
уважаемый,1
вдариться,1
закрепиться,1
статус,1
обоснованный,1
сфокусироваться,1
углублённый,1
безликий,1
отпугивать,1
вкус,1
импровизация,1
неведомый,1
чаепитие,1
заочный,1
ставка,1
ментальный,1
ложа,1
опознавательный,1
обухов,1
выстрелить,1
прощаться,1
сходка,1
комбинация,1
успокаивать,1
структурировать,1
искренний,1
_____,1
фпй,1
походить,1
подключать,1
пересматривать,1
забывчивость,1
откат,1
наспамиля,1
тройной,1
затмить,1
извиняться,1
управиться,1
восстановить,1
заскучать,1
закулисий,1
герцшпрунгарассесть,1
подавать,1
подаваться,1
пояснение,1
подзапариться,1
естественно,1
освоиться,1
лениво,1
сочинять,1
шустрый,1
отстоять,1
0606,1
тепло,1
сердечно,1
какомтый,1
сдвиг,1
овен,1
753,1
шортсова,1
нелюбовь,1
гуглить,1
латех,1
ворда,1
гуглдок,1
ненавязчивый,1
рукописный,1
понимаететь,1
уфолог,1
тревога,1
вторжение,1
гостейиз,1
неотвратимый,1
гость,1
астроканал,1
весомо,1
фитбек,1
стык,1
взаимосвязь,1
сцена,1
безбрежный,1
арена,1
река,1
кровь,1
пролить,1
генерал,1
триумф,1
кратковременный,1
хозяин,1
песчинка,1
жестокость,1
отличимый,1
меж,1
разногласие,1
жаждать,1
убивать,1
ненависть,1
трагедия,1
сострадать,1
жертва,1
крокус,1
беречь,1
плановый,1
тонус,1
20142015,1
110¹⁵,1
приход,1
1769,1
императрица,1
екатерина,1
10³,1
1см³,1
острый,1
драконида,1
породить,1
рой,1
компактный,1
откачать,1
термозащита,1
импульсный,1
дим,1
миша,1
аронов,1
отпраздновать,1
ринуть,1
бой,1
29го,1
20022003,1
проглатывать,1
болгария,1
стрелять,1
испугать,1
проглотить,1
мгновенно,1
первоначальный,1
2003,1
этимология,1
pps,1
напоминалка,1
ага,1
налажать,1
всош2024,1
церемония,1
astroedu_юмор,1
океанский,1
капитан,1
8920,1
аструс,1
денёк,1
повидаться,1
заскочить,1
пересечься,1
сегоднязавтра,1
напутственный,1
немало,1
осталася,1
добить,1
проробатывать,1
нерешаемый,1
узнаетепридумать,1
постораться,1
страничка,1
знанийумение,1
заботаль,1
несомненно,1
аааааааааа,1
целевой,1
httpsteosophiacomtestsindexhtmlysclidluhda4i7nm844505986,1
первоапрельский,1
толькотолько,1
рсош,1
позиционирование,1
проиллюстрировать,1
радиационный,1
удерживаться,1
17000,1
дрейф,1
мктло,1
куб,1
маякнуть,1
вычитать,1
рада,1
выдыхать,1
жарко,1
подведение,1
постпоздравление,1
пострефлексия,1
позади,1
подводить,1
порадоваться,1
абс,1
моргун,1
святослав,1
гришин,1
гилёва,1
колодезный,1
иван,1
мелицковы,1
низам,1
тимур,1
шишенина,1
никита,1
питать,1
камерный,1
лицейский,1
крутый,1
школьниковпризёр,1
николаев,1
7го,1
юдасина,1
красноярск,1
закономерный,1
кропотливый,1
методично,1
гарантия,1
рваться,1
болезненный,1
близко,1
присвоить,1
оторвать,1
нытьё,1
ворошение,1
больной,1
самопозиционирование,1
неизбежность,1
неуспешный,1
проживание,1
глобус,1
дкнут,1
пятибалльный,1
умножаться,1
программировать,1
добросовестный,1
прорешивать,1
параграф,1
сдержать,1
введение,1
упруго,1
взаимодействовать,1
прислонить,1
поверх,1
маломассивный,1
отскок,1
дубга,1
мерак,1
обжшный,1
повеять,1
20172018,1
нын,1
мытищи,1
передвижение,1
конкуренция,1
улыбаться,1
поглаживать,1
борода,1
upd1,1
вылезти,1
придумываться,1
лесной,1
массив,1
разрядить,1
потерять,1
передвигаться,1
неподвижно,1
различаться,1
местоположение,1
терпеть,1
бедствие,1
топографический,1
модифицированный,1
pdfка,1
прилагаться,1
пдфкаха,1
скринил,1
переделать,1
воспоминательный,1
произнести,1
вата,1
перед,1
повторять,1
аба,1
подсознание,1
девятиклассник,1
изъясняться,1
кратное,1
всерьёз,1
слабак,1
улетучиться,1
тайна,1
полуслово,1
придерживаться,1
этикет,1
оглядываться,1
обряд,1
инициация,1
обмен,1
утвердиться,1
теперьто,1
немногое,1
подмечать,1
фишка,1
каста,1
шторм,1
отдать,1
юр,1
алексеевич,1
парта,1
отличник,1
влететь,1
плотный,1
соединить,1
нежно,1
ловиться,1
знаковый,1
архивный,1
столкнуть,1
функционирование,1
инструктаж,1
кровать,1
приблуд,1
отучиться,1
дик,1
разрастись,1
поступать,1
ютиться,1
коробковидный,1
детсад,1
свечка,1
торт,1
какойникака,1
начинание,1
соцсеть,1
лесенка,1
майнкрафтер,1
правообладатель,1
порция,1
возобновить,1
поностальгировать,1
пирог,1
критика,1
никуда,1
превращаться,1
трудный,1
руль,1
деревня,1
буркнуть,1
королёв,1
вожжа,1
усердный,1
биография,1
напрашиваться,1
чёмтый,1
стишкомпирожок,1
восприятие,1
63летний,1
канун,1
03ч30м,1
байконур,1
4558,1
6318,1
ссср,1
вводиться,1
httpsmvkcomwall222689237_592,1
вливаться,1
высвободиться,1
20002130,1
ребятподписчик,1
подрастить,1
временно,1
самопересечение,1
496,1
дипольный,1
магнитосфера,1
повреждение,1
нтл,1
протоновсм3,1
старейшина,1
мегрец,1
ursae,1
majoris,1
33m,1
очко,1
дальний,1
110¹⁰,1
мквт,1
серсик,1
эмпирический,1
устанавливать,1
iri0,1
exprh,1
25й,1
24й,1
003,1
20й,1
25ий,1
дизлайк,1
хейтер,1
ныне,1
недействующий,1
жидкость,1
сосуд,1
ртутный,1
плёнка,1
𝜌hg,1
кинетический,1
вырожденный,1
лимб,1
0030m,1
потемнение,1
жерар,1
вокулёр,1
впоследствии,1
4449,1
дайсон,1
изготовить,1
теплопроводящий,1
чернота,1
растяжение,1
06h,1
45m,1
1642,1
37m,1
3847,1
сортировать,1
ненастоящий,1
пульсировать,1
68m,1
галактоцентрический,1
узор,1
очерчивать,1
мазерный,1
звездообразование,1
калибровочный,1
металличность,1
периодсветимость,1
benedict,1
2002,1
2007,1
mv243,1
012igp,1
1405,1
002,1
периодвозраст,1
2014,1
860,1
007077,1
008gp,1
задаваться,1
мгновение,1
включаться,1
удвоить,1
переводиться,1
гиперболический,1
направляться,1
захоронение,1
захоронить,1
застревать,1
единый,1
самопровозглашённый,1
дарт,1
вискас,1
колонизировать,1
окрестный,1
болометрический,1
тактический,1
тепловизор,1
30m,1
безопасно,1
размещать,1
интеграция,1
дуровразбаньзайцев,1
потранслировать,1
1999,1
gifка,1
исчезновение,1
утсник,1
водяной,1
надуть,1
целостность,1
кгм3,1
натяжение,1
мнм,1
габарит,1
поместиться,1
повнат,1
054,1
мягкий,1
измеряться,1
категория,1
14072000,1
уличать,1
солнцеземлить,1
всежа,1
кинозал,1
глядеть,1
создатель,1
бок,1
непрозрачный,1
cчитать,1
сантиметр,1
𝜇air,1
пучина,1
подмосковье,1
везение,1
красиво,1
кринжпаста,1
гулять,1
фотометрически,1
прикинуть,1
2287,1
2022,1
какуюлибо,1
плавать,1
христианский,1
xviii,1
фридрих,1
гаусс,1
православный,1
19a,1
недельный,1
сформулировать,1
воскресный,1
занятый,1
30го,1
декларация,1
гребенюк,1
нетфликс,1
позаботиться,1
заиметь,1
завтрапослезавтра,1
несложный,1
свежесть,1
третьесортный,1
телеграф,1
httpstmeflare_alert,1
оперативный,1
уведомление,1
бат,1
перспективный,1
itшник,1
податься,1
httpstelegraphprosilimaterialprosolnechnyevspyshkipoluchajte0507,1
перепад,1
намного,1
приписывать,1
ярко,1
495,1
удовлетворять,1
занятой,1
однозначный,1
гарантировать,1
справедливость,1
непрерывно,1
вынашивать,1
испытываться,1
застать,1
полугодие,1
преуспеть,1
громкий,1
перевешивать,1
двигать,1
httpsformsgleityen2fmvsd3je5w8,1
складываться,1
потребность,1
преумножать,1
подвиг,1
соотечественник,1
бессмертный,1
грешить,1
ноунеймовский,1
думательный,1
уменьшиться,1
летнеосенний,1
денебо,1
альтаир,1
отчётливо,1
попарный,1
810²,1
электродинамика,1
диффуров,1
разумно,1
юридический,1
секундный,1
расцениваться,1
жёстко,1
отчасти,1
регламент,1
банальный,1
заблаговременный,1
виза,1
соблюдение,1
норма,1
расклад,1
отсекать,1
интернетсоединение,1
своевременный,1
внеконкурсник,1
мелана,1
котов,1
ответственно,1
отнестись,1
признаться,1
попадание,1
лежалболеть,1
дамир,1
гасымов,1
занятость,1
выкроить,1
просадка,1
сократить,1
отрыв,1
медианный,1
519,1
нормировать,1
медиана,1
дисперсия,1
аномально,1
дорабатывать,1
говориться,1
ком,1
динамика,1
краудфандинг,1
сочиняетсявспоминаться,1
спамить,1
воронцовавельяминов,1
очерк,1
1959,1
mm755lgd,1
mm55lgr,1
гениальный,1
плутон,1
гранатовый,1
гершель,1
отсыпаться,1
utc3,1
компьютерный,1
противопоказанный,1
подгрузить,1
предание,1
посольский,1
прежний,1
посол,1
аналогично,1
такоготь,1
1970,1
луна17,1
доставить,1
луноход1,1
сетка,1
луны17,1
ген,1
позаимствовать,1
закрыться,1
прекратиться,1
просветить,1
httpsvkcomsummer_astro_school,1
материя,1
цветок,1
лепестковый,1
косвенно,1
пострассуждение,1
лейтмотив,1
аля,1
невзначай,1
сванговал,1
поисследовать,1
комбинировать,1
кеплерово,1
утсова,1
завидный,1
мелькать,1
залёт,1
сознание,1
школьний,1
астрономуолимпиадник,1
частное,1
несферичность,1
гробовой,1
производить,1
укреплять,1
стимулировать,1
трешовый,1
суперлуние,1
04122017,1
различить,1
спутниковый,1
сколь,1
прибегать,1
удержать,1
какнибыть,1
следование,1
выстроить,1
хронологический,1
неупорядоченный,1
какомунибудь,1
убывание,1
придача,1
непобедимый,1
омёжка,1
нешатовский,1
овца,1
погнать,1
телец,1
близнец,1
драка,1
ус,1
поранить,1
водолей,1
всплакнуть,1
кучка,1
потеряшка,1
отложка,1
100ий,1
стабильный,1
обеспечить,1
квадратичный,1
015ʺ,1
01m,1
тангенциальный,1
соображать,1
спроецировать,1
смекалка,1
рома,1
балухтовый,1
алхимов,1
iii,1
вовлечённость,1
самостоятельность,1
методичность,1
каналадипломант,1
удалиться,1
уганда,1
гкампасть,1
070216,1
190829,1
кампалый,1
10¹³,1
едсм³,1
соединяться,1
поддерживаться,1
установление,1
равновесие,1
метеоролог,1
сплюснутость,1
эпэ,1
заключить,1
сотый,1
гм³,1
синтез,1
протекание,1
084,1
хандрить,1
заблаговременно,1
предпринять,1
приятность,1
930,1
любим,1
томсоновский,1
110²⁹,1
многократный,1
блуждание,1
родить,1
фильм,1
интерстеллара,1
сверхмассивный,1
погибнуть,1
10g,1
102,1
гравитационносвязать,1
связанность,1
хаотически,1
наподобие,1
вытянутый,1
веретенообразный,1
пометить,1
афелийный,1
расстоние,1
kms,1
104,1
гистограмма,1
неестественно,1
кирквуд,1
гойд,1
публично,1
зазывать,1
комерсом,1
массовость,1
выгодный,1
смущаюся,1
финалист,1
подписывать,1
заготавливать,1
смелый,1
road,1
грезить,1
покорение,1
спланировать,1
высчитать,1
нкгс,1
генетика,1
наследственность,1
genes,1
brain,1
and,1
behavior,1
генотип,1
абстрактный,1
бросаться,1
столп,1
разработка,1
энциклопедический,1
условный,1
покреативить,1
подкручивать,1
победный,1
подтянуть,1
упираться,1
никудышный,1
сказываться,1
защитить,1
соблазн,1
вызубрить,1
понастоящий,1
ограничивать,1
спорность,1
полезность,1
диктоваться,1
пережитое,1
интуитивный,1
крепкий,1
встраиваться,1
служить,1
связующий,1
мостик,1
чужой,1
подвергать,1
физичность,1
выполнимость,1
ориентир,1
донесение,1
вовторое,1
соратник,1
насытить,1
инфополе,1
задуматься,1
воин,1
воздействие,1
результативность,1
коллектив,1
высказывать,1
предположение,1
глупый,1
указатель,1
устранить,1
прорабатывать,1
возникновение,1
анри,1
пуанкара,1
преобразовывать,1
хрестоматийный,1
106,1
сверхцивилизация,1
амбициозный,1
прибавка,1
импровизированный,1
подлежать,1
107,1
остыть,1
108,1
целочисленный,1
впихнуть,1
сойти,1
цепляться,1
транспортный,1
622,1
турник,1
университетский,1
пушкин,1
поэма,1
медный,1
всадник,1
строчка,1
пускать,1
тьма,1
сменить,1
спешить,1
φ5957,1
новинка,1
миниатюра,1
конкурс,1
113,1
испаряться,1
навеять,1
114,1
комбинированный,1
солнцеподобный,1
787459,1
787616,1
подразумеваться,1
бакалавр,1
онлайнсервис,1
вчерасегодня,1
118,1
приблизительно,1
шутник1,1
выпустить,1
бобинский,1
бибинский,1
121,1
силовой,1
финитный,1
кпд,1
батарея,1
123,1
песня,1
рождественский,1
чернышёв,1
вдали,1
возле,1
светитьто,1
124,1
серп,1
мпк,1
сверхскопление,1
массивно,1
пофантазировать,1
плато,1
астрономаолимпиадник,1
ухо,1
начальник,1
неаполитанский,1
порт,1
плавание,1
2880,1
телега,1
опечатка,1
мыло,1
upd2,1
прикольно,1
129,1
слать,1
анимашка,1
путём,1
гифка,1
130,1
трудоголик,1
афелий,1
обвести,1
133,1
северовостка,1
134,1
радиально,1
честность,1
воздержаться,1
стратостат,1
02ч,1
31м,1
4870с,1
5100,1
пулковский,1
594618,1
301933,1
толкать,1
137,1
138,1
обстановка,1
разбавить,1
уделать,1
невероятный,1
харизма,1
посидеть,1
139,1
монтировка,1
8916,1
02h,1
32m,1
навестись,1
автогид,1
стократный,1
медленно,1
13710⁴,1
704,1
141,1
взорваться,1
подъём,1
огибать,1
порог,1
13с,1
40с,1
143,1
разогнать,1
покидание,1
прошествие,1
144,1
2009ip,1
сливаться,1
подпись,1
bok,1
lick,1
7259,1
0006,1
145,1
невидимый,1
нежели,1
вечно,1
поражаться,1
продуктивность,1
закончить,1
карьерный,1
кладезь,1
пособие,1
плодоносить,1
греть,1
монография,1
наиграться,1
146,1
выражаться,1
147,1
кинуть,1
прошибить,1
двадцатый,1
30км,1
аэродинамика,1
20го,1
60м,1
148,1
камень,1
149,1
åмм,1
наклонить,1
5500,1
кризис,1
151,1
дима,1
долженков,1
адаптировать,1
любопытный,1
15этажный,1
распоряжение,1
измерительный,1
прибораневаляшка,1
42ий,1
жизнеобеспечение,1
гарантированно,1
бросание,1
отскакивать,1
высоко,1
2020м,1
httpswwwyoutubecomwatchv6wethl8vn1i,1
5035,1
вижео,1
занимательный,1
тусовка,1
камео,1
трушин,1
4219,1
побединский,1
савватеев,1
посадить,1
подбросить,1
дарить,1
съедать,1
поумнеть,1
повадка,1
похищение,1
httpswwwyoutubecomwatchvoaj4xpxkzwg,1
документалка,1
предложка,1
тайминг,1
скептически,1
153,1
154,1
регулирование,1
трасса,1
устанавливаться,1
530,1
излучаться,1
полусфера,1
выпад,1
неспособность,1
комментировать,1
адепт,1
константа,1
вначале,1
подступаться,1
подставить,1
продифференцировать,1
дёргаться,1
голос,1
спасть,1
раскайфовка,1
домик,1
роща,1
отключить,1
существо,1
пейзаж,1
шашлык,1
разнос,1
156,1
парабола,1
медленный,1
157,1
рекомбинация,1
остап,1
бендер,1
сравнительно,1
отъём,1
накрыть,1
раздать,1
3031,1
ободрать,1
выкопать,1
вопиять,1
несправедливость,1
становление,1
158,1
контрастность,1
догадка,1
159,1
отбить,1
меняпринять,1
отобраться,1
схожий,1
161,1
центробежный,1
сосредоточить,1
162,1
свидетельствовать,1
огонь,1
163,1
спойлерить,1
коечто,1
совместительство,1
красотища,1
premium,1
tmerebrikov_astro,1
разбор_задача,1
истользоваться,1
искуственный,1
премиум,1
tmeboitsov_astro,1
небесная_механик,1
высокой_жёсткость,1
164,1
оттолкнуться,1
рисковать,1
проползти,1
рассеянный,1
газопылевой,1
20m,1
волновой,1
166,1
а270,1
начинка,1
копилка,1
подождать,1
167,1
песочный,1
соосный,1
096,1
168,1
092244,1
нефтяной,1
судно,1
штурман,1
процион,1
3719,1
канопус,1
5344,1
169,1
171,1
дно,1
бездонный,1
солнечногорский,1
вдохновить,1
beliycasio,1
взяться,1
прозаично,1
корн,1
обладатель,1
telegramпремиум,1
172,1
повернуть,1
173,1
174,1
зрачок,1
дптр,1
дифракция,1
фокусировка,1
ретроградный,1
путаться,1
вдобавок,1
разнообразить,1
поощрение,1
карточка,1
знаменательный,1
оплатить,1
зависть,1
представитель,1
9ом,1
подкупить,1
неподдельный,1
жюри,1
безумно,1
уважать,1
побороть,1
самопродажа,1
преодолеть,1
лёшина,1
кандидатура,1
экспертиза,1
замотивировать,1
специализировать,1
бюджетный,1
175,1
0005,1
therealmba,1
177,1
эксаэлектронвольт,1
ohmygod,1
ливень,1
задетектировать,1
1991,1
испустить,1
гаммаквант,1
178,1
застылый,1
ноль,1
презентовать,1
близкие,1
дозапись,1
ясно,1
ребятишки,1
повторно,1
httpsformsglebq7umrax4hm7suae9,1
179,1
дачник,1
гриб,1
светящийся,1
дачный,1
грибник,1
сосна,1
меркантильный,1
еда,1
морковка,1
али,1
экспресс,1
осторожно,1
кило,1
концентрированный,1
милость,1
сурово,1
дикий,1
генетически,1
южноамериканский,1
разводить,1
выдающийся,1
тонкость,1
изделие,1
гипоаллергенный,1
запах,1
отсутствовать,1
потовой,1
сальный,1
железа,1
копыто,1
подушечка,1
мозоль,1
плеваться,1
недовольство,1
рацион,1
верблюжий,1
колючка,1
плевок,1
урон,1
моральный,1
кусаться,1
щипка,1
стачиваться,1
фермер,1
подпиливать,1
болгарка,1
особь,1
завезти,1
вещание,1
здравствовать,1
х10,1
подразделение,1
конный,1
дивизия,1
рабочекрестьянский,1
армия,1
вооружаться,1
весиля,1
20г,1
135г,1
пулемётчик,1
2600дж,1
конь,1
бесполезный,1
пулемётный,1
израсходовать,1
боезапас,1
75кг,1
гибридный,1
телегокон,1
300кг,1
500кг,1
циолковский,1
выбираться,1
глэмпинг,1
дмитровский,1
сочетать,1
движ,1
разведение,1
кормёжка,1
ужин,1
фотоподборка,1
приглянуться,1
закупиться,1
производство,1
зачиллиться,1
палатка,1
отопление,1
бытовой,1
шашлычный,1
насыщенно,1
деньночь,1
отъезжий,1
посещение,1
181,1
гипсовый,1
гипс,1
ламбертовый,1
ступор,1
связян,1
прощупывать,1
почва,1
сокровище,1
закладывать,1
приучать,1
дошлифовывать,1
коллекция,1
совершенствовать,1
инструментарий,1
прививка,1
принятие,1
вера,1
зубрёжка,1
предпочесть,1
освобождать,1
жестить,1
поспеть,1
ремесло,1
минус,1
прям,1
прекольный,1
напрягаться,1
проиграть,1
зал,1
покопаться,1
устоять,1
жертвовать,1
исхищрений,1
способствовать,1
1020,1
склонный,1
уточнять,1
подвисание,1
опасный,1
провисание,1
смело,1
компенсировать,1
минувший,1
прикрывать,1
тыл,1
семинарист,1
креативить,1
вглубь,1
ширь,1
сковывать,1
неминуемо,1
списокто,1
логотип,1
астрообразование,1
торомозить,1
нынче,1
всяко,1
конспект,1
храниться,1
зависание,1
прогадать,1
182,1
пророчество,1
ivanship,1
самосбываться,1
183,1
gif,1
имитировать,1
подвижный,1
каркас,1
архитектор,1
мадрид,1
4024,1
13600,1
моделироваться,1
каркасный,1
коричневый,1
мос,1
девятый,1
подмоскович,1
184,1
регистрационный,1
цпмрф,1
автоматически,1
учётный,1
utsastroeduru,1
восхитительный,1
________,1
зачисляться,1
затрата,1
_________,1
отчаиваться,1
экзамен,1
100процентный,1
контакт,1
186,1
187,1
142ий,1
188,1
бинокль,1
отрицание,1
189,1
1665,1
джованни,1
доменико,1
предосторожность,1
доброжелательный,1
сердечко,1
here,1
again,1
190,1
сбрасывать,1
03мый,1
07мый,1
сферичёска,1
расширяться,1
асимптотический,1
191,1
схематический,1
осветить,1
192,1
дион,1
вскоре,1
филиппины,1
astroalert,1
9ый,1
11ю,1
ранее,1
спрятаться,1
193,1
адиабата,1
сρⁿ,1
n75,1
194,1
с6н10о5n,1
пачка,1
гм²,1
1м²,1
сохраняться,1
аn1,1
волокно,1
мономер,1
196,1
равносторонний,1
сиюминутный,1
намекать,1
16301830,1
21го,1
197,1
drdh,1
0169,1
198,1
фокусировать,1
заключаться,1
периметр,1
отполировать,1
стальной,1
подвесить,1
растягиваться,1
прогибаться,1
осуществимый,1
юнга,1
гпа,1
7800,1
перепостить,1
годнота,1
долгожданный,1
залив,1
подкастаинтервью,1
httpsvkcomvideo186352131_456423567,1
вслед,1
ютуб,1
чеховский,1
ружьё,1
199,1
однородность,1
r35,1
жёлтый,1
приберечь,1
httpstmeskygenevrd,1
подкупать,1
ежедневный,1
стабильно,1
наскок,1
чередовать,1
выгорание,1
подталкивать,1
выискивать,1
очертание,1
неограниченный,1
httpsszhonesgen,1
203,1
часик,1
2часовой,1
20часовой,1
бодрствование,1
продолжительный,1
204,1
озоновый,1
сжать,1
губительный,1
uvc,1
ультрафиолет,1
жёсткость,1
uvb,1
280315,1
отградуировать,1
горизонтальня,1
gpt,1
omni,1
безуспешно,1
сымитировать,1
выдавать,1
развернуть,1
chatgpt,1
годдва,1
генеративный,1
интеллект,1
205,1
давненько,1
истый,1
206,1
спасать,1
выдумать,1
бантик,1
изнанка_олимпиада,1
ограничиться,1
подключаться,1
скрипочка,1
иванович,1
отряд,1
ркк,1
207,1
пробивать,1
04тло,1
20х,1
шулейкин,1
10⁵,1
радиоволна,1
излучатель,1
радиоимпульс,1
радиопослание,1
омоа2023,1
cassinithezond,1
209,1
персона,1
село,1
экспоненциально,1
формирование,1
20242025,1
нетривиальный,1
баллысложность,1
иерархически,1
пережестить,1
15431544,1
210,1
211,1
212,1
213,1
телескопарефлектор,1
равнозрачковый,1
убийственный,1
лоб,1
покрутить,1
солидарный,1
214,1
возвышение,1
поочерёдно,1
отражаться,1
регулироваться,1
нахождение,1
качка,1
побояться,1
вытекать,1
путаница,1
недопонимание,1
215,1
кардиограмма,1
эмиссионный,1
216,1
astroedu_owao,1
мыслящий,1
логарифмически,1
именинник,1
217,1
протуберанец,1
коль,1
218,1
кононовичамороз,1
219,1
обвязать,1
потянуть,1
поднятие,1
окей,1
гугл,1
самооценка,1
220,1
дополнить,1
httpsvkcomwall1119513_2915,1
должность,1
цпмк,1
разносторонний,1
впереди,1
отделаться,1
интервью,1
сияние,1
крик,1
х91,1
мощно,1
градуироваться,1
x91,1
flare,1
s14w2,1
noaa,1
3842,1
20241003,1
1208,1
1218,1
1236,1
221,1
220ть,1
количественный,1
мелкий,1
уделяться,1
незаслуженно,1
спутника1,1
праздновать,1
музей,1
мастеркласса,1
авиация,1
дворец,1
воробьёв,1
настойчивый,1
вылезать,1
новосибирск,1
вооружение,1
httpsmvkcomwall103464742_2737,1
youtube,1
перерасти,1
целенаправленно,1
httpsyoutubecomplaylistlistplfxfkk36qxxpl7bwonlztzdluwl6vhtvusi0ojqxvb_rsawwsc,1
λ10,1
учительский,1
уважение,1
созидательный,1
призвание,1
системно,1
обновлять,1
динамичный,1
высокотехнологичный,1
инфраструктура,1
кремль,1
коротко,1
ускоритель,1
httpsyoutubecomshortsjxlojt283d8simhjsikqjauawjtn,1
поговорить,1
двухминутка,1
223,1
224,1
астрофорум,1
обмениваться,1
невосходящий,1
abc,1
adc,1
abcd,1
кавычка,1
перевезти,1
discord,1
ведомство,1
telegram,1
переехать,1
дань,1
баринов,1
замедление,1
226,1
подскочить,1
напоминание,1
потускнеть,1
227,1
1210,1
228,1
229,1
действительный,1
3652425,1
эффектно,1
брошюра,1
говорящий,1
исходник,1
однажды,1
повышаться,1
возразить,1
справляться,1
чашка,1
грамм,1
4200,1
закипеть,1
нагревать,1
тратиться,1
нагревание,1
выходирешать,1
извиниться,1
мат,1
231,1
хаяша,1
сжиматься,1
10ⁿ,1
232,1
20см,1
поджечь,1
сухой,1
бревно,1
воспламенение,1
древесина,1
дерево,1
005,1
втмк,1
233,1
любительский,1
234,1
пионер10,1
романтический,1
пропитать,1
идеолог,1
карла,1
послание,1
пионеру10,1
делимый,1
беда,1
незначительно,1
отделять,1
несчастный,1
неужели,1
планирование,1
предназначаться,1
куданибудь,1
полететь,1
интерпретировать,1
ответственный,1
неоднозначно,1
выразиться,1
профанация,1
проверяться,1
235,1
законспектировать,1
знатно,1
потрепать,1
нерв,1
применимый,1
универсальный,1
фундаментальный,1
отмычка,1
зацепиться,1
закла,1
бойцовый,1
несравнимый,1
236,1
серный,1
кислота,1
n1397,1
радуга,1
домой,1
заморочиться,1
монитор,1
панель,1
переключение,1
ввод,1
лезть,1
настройка,1
obs,1
суфлёр,1
выводить,1
полупрозрачный,1
подбор,1
слепить,1
переставать,1
контрастный,1
вдохновлять,1
напоить,1
кофе,1
чувствоваться,1
комфортный,1
238,1
кольцеобразный,1
вычленение,1
239,1
миллионер,1
бесить,1
радоваться,1
погрязнуть,1
дипоом,1
несложно,1
тащить,1
лава,1
мёрса,1
губернатор,1
впаривать,1
заплатить,1
всероссник,1
обучиться,1
240,1
36525964,1
климат,1
умеренный,1
астрология,1
прогнозировать,1
выборы,1
241,1
разбить,1
рекреация,1
гравитация,1
242,1
телескопарефрактор,1
хроматический,1
цветной,1
ореол,1
dndλ01мкм,1
243,1
разрушить,1
интерпретация,1
изобразительный,1
форманормальный,1
война,1
244,1
диагональ,1
высверлить,1
тяготение,1
245,1
246,1
корректировать,1
доворот,1
247,1
древнегреческий,1
xix,1
норман,1
формализовать,1
широко,1
погсоном,1
1ой,1
6ой,1
247ий,1
google,1
выплатить,1
штраф,1
суд,1
железо,1
железный,1
рубкг,1
волчий,1
залипалка,1
перегруз,1
устраивать,1
размыться,1
шисотня,1
249,1
довезти,1
привезти,1
подкрепить,1
совокупный,1
денежный,1
продажа,1
дрожание,1
видеоразбор,1
настраивать,1
iepho,1
251,1
шероховатый,1
высаживаться,1
разгоняться,1
исправно,1
252,1
httpstmeokolosolnza,1
многопрофильность,1
льгота,1
фки,1
20232024,1
иллюминатор,1
подтвердить,1
расчёт,1
253,1
антивещество,1
нуклид,1
254,1
проксим,1
центавро,1
авторадио,1
посылать,1
изотропный,1
256,1
257,1
авторизация,1
258,1
лудомания,1
прокрутить,1
стикеррулетка,1
джекпот,1
ячейка,1
семёрка,1
лимон,1
виноград,1
bar,1
259,1
гигантский,1
преломлять,1
260,1
зрительный,1
261,1
счепурной,1
262,1
инфляция,1
синонимичный,1
постановка,1
жаловаться,1
сливать,1
263,1
прямолинейно,1
выключать,1
миделевый,1
дефакто,1
264,1
полуширина,1
неврашающийся,1
инстинкт,1
самосохранение,1
1903,1
1902,1
265,1
наглядный,1
266,1
лагранж,1
оцениваться,1
267,1
теоретически,1
269,1
обнаружиться,1
270,1
численно,1
fkma,1
271,1
101800ть,1
272,1
мать,1
273,1
отрубать,1
воля,1
навряд,1
274,1
09старание01удача,1
100ной,1
275,1
516,1
лауреат,1
нобелевский,1
премия,1
702,1
736,1
нетворк,1
какихлибо,1
клубок,1
справа,1
потомок,1
здорово,1
сверстать,1
настойчивость,1
трудолюбие,1
перенимать,1
сотрудничать,1
переформулировать,1
раскидать,1
астрономоволимпиадник,1
разыскиваться,1
2ести,1
симсотня,1
277,1
278,1
геогессера,1
ikigailand,1
икигай,1
лэнд,1
рассматриваться,1
мировоззрение,1
крайне,1
279,1
ионный,1
ион,1
сопло,1
нейтрализация,1
ионизация,1
выбрасывать,1
запаять,1
трубка,1
отвод,1
заправить,1
остаточный,1
распределяться,1
охладить,1
вдаль,1
15c,1
1000292,1
281,1
звездочёт,1
насчитать,1
население,1
004,1
олёкминск,1
1917,1
якутия,1
болид,1
метеороид,1
прогноз,1
наготове,1
19151918,1
500,1
550,1
низко,1
855,1
киттпик,1
v00,1
11ий,1
update,1
уточнение,1
ожидаться,1
ленск,1
собеседование,1
httpswwwyoutubecomwatchvwerxnya2ns,1
сочинение,1
282,1
283,1
обшивка,1
попрежний,1
квота,1
проходной,1
предъявляться,1
284,1
взвесить,1
сверхпрочный,1
показание,1
репетиторство,1
2036,1
вицепремьер,1
чернышенко,1
live,1
кокос,1
отсев,1
когорта,1
соперник,1
автопроходчик,1
поприще,1
взятие,1
давить,1
пол,1
хвататься,1
важность,1
проскочить,1
моргать,1
настроить,1
эмоциональный,1
качели,1
структуризация,1
идеально,1
типовой,1
автоматизировать,1
обидный,1
освободить,1
помедитировать,1
удовлетворить,1
анонсировать,1
видеоурок,1
платно,1
платить,1
интерактивность,1
голосовать,1
полчасика,1
выкатвать,1
очкастый,1
reg_astro,1
reg,1
преследовать,1
приемлемый,1
принципиально,1
подошва,1
авантюра,1
перезапись,1
околонуль,1
httpsyoutubecomplaylistlistplfxfkk36qxxmsghm3wdlfbpjgai2ikmisiu_ccpi7lm1jqoamt,1
286,1
солнцеземлялун,1
287,1
преисполниться,1
поверь,1
разбиваться,1
прокачаться,1
нарешать,1
816,1
набираться,1
еженедельный,1
январский,1
опат,1
задолбать,1
осведомлённость,1
1200,1
бангладеш,1
госпереворот,1
захватывающий,1
акклиматизация,1
джетлаг,1
болеть,1
карасёв,1
кулачок,1
надуманный,1
удалять,1
красоваться,1
трезво,1
актуализироваться,1
сопровождаться,1
нулёвый,1
добросовестно,1
синоним,1
основательный,1
праграмм,1
отбрасывать,1
финансы,1
субъективно,1
сбалансировать,1
головоломка,1
техничный,1
практикоориентировать,1
послевкусие,1
чеготь,1
наблюдо,1
отпечаток,1
бессмысленный,1
беспощадный,1
школьниковнемосквич,1
httpsmosastroolimpiadaruuploadfilesmos2024registratsia_na_distantpdf,1
мосастро,1
288,1
прочее,1
1467,1
1013,1
разблокироваться,1
1155,1
сочинятельный,1
стираться,1
нулина,1
привыкнуть,1
потерпеть,1
простить,1
httpsvkcomwall5907546_3216,1
урожай,1
289,1
крат,1
290,1
f10,1
2048х2048,1
9мкм,1
сфотографировать,1
видеться,1
игорь,1
сойтись,1
291,1
сравниваться,1
джеймс,1
уэбба,1
процент,1
ночьдеть,1
перезалить,1
apeksspace,1
выгружать,1
откопалтак,1
листок,1
предоставляться,1
донат,1
проделать,1
титанический,1
сведущий,1
звукообработка,1
исправление,1
аудиодорожка,1
вика,1
красоткин,1
громкость,1
звук,1
суглобов,1
наушник,1
времязатрата,1
вырезать,1
моокий,1
переезд,1
заново,1
httpsapeksspacelneslitreg9d4ca6,1
292,1
норвегия,1
географический,1
293,1
исправить,1
регистрировать,1
низкоэнергетический,1
295,1
551,1
битва,1
экстрасенс,1
зарисовка,1
ioaa2019,1
296,1
сориентировать,1
своевременно,1
соврать,1
помнится,1
кастомизировать,1
жоттереть,1
завладеть,1
мариновать,1
сохранёнка,1
заказ,1
аки,1
пятилетка,1
аааа,1
безделушка,1
мелочно,1
гладенький,1
297,1
перетекание,1
перетекать,1
298,1
299,1
концентрический,1
пунктирный,1
обозначить,1
утечь,1
прибавиться,1
092030,1
301,1
навстречу,1
302,1
303,1
переход,1
забитый,1
httpstassrukosmos22767451ysclidm549rbp78840517309,1
поститься,1
304,1
прокатиться,1
противоречивый,1
окрестить,1
занизить,1
заодно,1
вектысячелетие,1
вовсе,1
некогда,1
онлайнсоревнование,1
sky,1
tournament,1
httpstmeskyonlinetournament,1
заботаять,1
закрываться,1
пробежаться,1
305,1
переместиться,1
306,1
архив,1
307,1
наносить,1
асфальт,1
lada,1
xray,1
лад,1
передний,1
капот,1
совет,1
andrey_astroclub_vega,1
308,1
стряхивать,1
309,1
исконный,1
одеяние,1
народный,1
сказка,1
очевидец,1
шуба,1
синь,1
доплера,1
остановка,1
310,1
отследить,1
спам,1
скучно,1
флешмоб,1
заспамить,1
artsmir,1
единогласно,1
запрашивать,1
слив,1
кидать,1
улика,1
предъявлять,1
обвинение,1
2025го,1
миникурс,1
прокручивать,1
сопоставлять,1
планка,1
огонёчек,1
7500,1
амбиция,1
рецензия,1
пружинный,1
близ,1
облететь,1
пружина,1
невесомый,1
английский,1
всеамериканский,1
оргвзнос,1
интересность,1
ажакина,1
поспешить,1
0745,1
откладывать,1
usaaaoorg,1
инсайдерский,1
инф,1
одобряться,1
несогласованный,1
отбираться,1
рекомендоваться,1
проконсультироваться,1
политвопрос,1
hqastroeduru,1
наделать,1
312,1
снаряд,1
гуманитарный,1
минимизировать,1
313,1
разлетаться,1
превзойти,1
подборочка,1
httpsartsgoldruastronomy,1
набивание,1
зацепить,1
забытый,1
новизна,1
1471,1
314,1
кго,1
714,1
подножие,1
фаном,1
драйв,1
1310,1
1335,1
1313,1
1300,1
1545,1
1301,1
1935,1
httpsikigailandruastronomy_summer25,1
315,1
60ий,1
316,1
незнакомый,1
стоя,1
восходящий,1
317,1
50й,1
холка,1
318,1
319,1
фотоснимок,1
20ᵐ,1
05с,1
льдина,1
дрейфовать,1
покрасить,1
закрутка,1
67000,1
137000,1
321,1
опасно,1
нептун,1
322,1
httpswwweclipsewisecom,1
323,1
расчилловка,1
квизе,1
проговорить,1
паспорт,1
карандаш,1
линейка,1
траспортир,1
циркуль,1
бутылка,1
шоколад,1
конфета,1
яблоко,1
булочка,1
советовать,1
одежда,1
сменный,1
обувь,1
рюкзак,1
пройтись,1
будильник,1
беспокоить,1
тревожность,1
поботать,1
справочник,1
астрадь,1
куликовский,1
2100,1
2110,1
квиза,1
324,1
хез,1
13ч,1
34м,1
4159с,1
4494,1
пишущий,1
обидеть,1
умничка,1
заслужить,1
кайфонуть,1
комментахастрочат,1
325,1
2717,1
14807,1
отсчитываться,1
седьмой,1
starship,1
разрушиться,1
вхождение,1
обломок,1
неземной,1
гореть,1
326,1
звездыкомпаньон,1
1610²⁵,1
327,1
бог,1
кость,1
шахматы,1
послужить,1
нарушение,1
cpсимметрия,1
надолго,1
шахматный,1
сводиться,1
рациональность,1
античастица,1
превалировать,1
завершать,1
какимтый,1
маоспбао,1
турыформат,1
перечневок,1
питерский,1
возмжность,1
взляд,1
претендовать,1
добиваться,1
якобы,1
нажать,1
отыграться,1
заканчивать,1
уют,1
чилловой,1
зарестайлить,1
сторис,1
буст,1
httpstmeboostboitsov_astro,1
делаться,1
последовать,1
1015,1
проявление,1
беспричинный,1
хейт,1
забаня,1
визуально,1
необоснованный,1
прописываться,1
буста,1
поменять,1
разок,1
328,1
разогреть,1
пельмешек,1
оборачивать,1
разорвать,1
нсм²,1
329,1
направо,1
шарлоттаунский,1
упавший,1
крыльцо,1
95г,1
метеоритный,1
хондрит,1
удар,1
мильча,1
047,1
331,1
троица,1
798,1
разноцветный,1
ящик,1
табурет,1
проветривать,1
помещение,1
банк,1
краска,1
332,1
завершаться,1
доводить,1
всеросснуть,1
машинный,1
скомпоновать,1
какимитый,1
astronomewa,1
наслаждение,1
замечание,1
333,1
звездапланета,1
соблюсти,1
334,1
теоретик,1
умелый,1
экспериментатор,1
лосяша,1
неотрицательный,1
среднеквадратичный,1
335,1
символичный,1
проходимпроходить,1
httpschoolastrospburuqreg,1
336,1
двумерный,1
лучейспица,1
велосипедный,1
нанизать,1
бусинамигалактик,1
бусина,1
свободно,1
спица,1
пабло,1
337,1
потенциально,1
квотник,1
прецедент,1
фулла,1
околонулевой,1
призёрство,1
лишать,1
проявить,1
претендент,1
338,1
θmax,1
игнорировать,1
печатный,1
зайтитаки,1
глянуть,1
339,1
периодически,1
340,1
сочи,1
протяжённый,1
скриншот,1
яндекскарта,1
детально,1
___________________________________,1
сезонный,1
непрерывный,1
определиться,1
наукоёмкий,1
стартап,1
ниу,1
адыгейский,1
мифь,1
мгту,1
бауман,1
увлечь,1
восьмой,1
узнавать,1
эссе,1
анкета,1
мотивационный,1
онлайнсобеседование,1
реализоваться,1
николай,1
каторжнов,1
httpsastroschoolspacepage62010147html,1
завидовать,1
341,1
φ60,1
изменять,1
360сут,1
развлечение,1
валер,1
осуществлять,1
342,1
магический,1
комитет,1
344,1
345,1
достигаться,1
напряжённость,1
внутренность,1
нечего,1
заняться,1
инерция,1
одобрение,1
распечатать,1
допускаться,1
346,1
347,1
микролинза,1
348,1
спешка,1
рассмотрение,1
попросту,1
заведомо,1
проигрышный,1
затея,1
хронометраж,1
неделюдва,1
x15,1
рассказ,1
заклу,1
мскмо,1
настать,1
прицел,1
видеоматериал,1
освежать,1
сдать,1
рассуждение,1
самоорганизация,1
подтолкнуть,1
стеснительно,1
демократичный,1
приоритетный,1
349,1
планетоцентрический,1
целость,1
350,1
351,1
груша,1
скушать,1
352,1
4958,1
28646,1
5289,1
31768,1
353,1
барионный,1
510¹¹,1
219ᵐ,1
991,1
570,1
354,1
микс,1
дневник,1
климатический,1
геология,1
высадка,1
поднимать,1
235ᵒ,1
скрываться,1
спик,1
руководствоваться,1
отрывок,1
спику,1
составляться,1
канальчик,1
напряжный,1
чатаобсуждение,1
даа,1
юмористический,1
курение,1
вредить,1
поляризация,1
356,1
посередине,1
бахнуть,1
357,1
арабский,1
абдуррахман,1
الکرة,1
السماء,1
موضع,1
القطب,1
الشمالي,1
предвсеросный,1
олдфаг,1
лаба,1
пракам,1
ввиду,1
обух,1
упорство,1
подтекст,1
358,1
отличить,1
покраснеть,1
изначально,1
холодный,1
бта6,1
несмотря,1
тёмносиний,1
горный,1
шестиметровый,1
привилегия,1
фотографический,1
гид,1
60см,1
немногие,1
ратан600,1
отличный,1
астротур,1
архыз,1
2226,1
ночи5день,1
поход,1
академия,1
обязательный,1
6ти,1
метровый,1
ратан,1
исторический,1
гостинец,1
двухместный,1
туалет,1
душ,1
питание,1
столовая,1
гостиница,1
пансион,1
46500,1
рубчел,1
расход,1
минеральный,1
астрогид,1
лантин,1
dmitry_lantinov,1
взрослый,1
семейный,1
ребёнкомастроном,1
1617,1
аэропорт,1
вокзал,1
ответственность,1
359,1
опоясывать,1
сформировать,1
осесть,1
замер,1
верхушка,1
360,1
задачеймем,1
людвиг,1
больцмана,1
2002184405091906,1
фуллерен,1
моделек,1
подстаканник,1
362,1
стефанабольцман,1
снег,1
свойственно,1
выдаться,1
363,1
постулироваться,1
обоснование,1
переносить,1
невесомость,1
отступать,1
благополучие,1
осуществление,1
замысел,1
видеозвонок,1
шифрование,1
364,1
2912,1
4833,1
високосный,1
годовщина,1
послезавтрашний,1
10классник,1
предварительно,1
сапеллировать,1
сдаться,1
рано,1
сдаваться,1
812,1
1818,1
ежемесячный,1
наращивать,1
реванш,1
улизнуть,1
осмыслить,1
наслать,1
напрасный,1
365,1
мощь,1
цитировать,1
полтрек,1
пирокинезис,1
гипербола,1
ykx,1
цикличность,1
учительученик,1
побыть,1
нехватка,1
нарушаться,1
инициироваться,1
излишний,1
экспрессивный,1
отлавливать,1
общественный,1
отнаблюдать,1
вакансия,1
заботало,1
матан,1
вникнуть,1
беспристрастно,1
идеал,1
донеститаки,1
убедить,1
уравновесить,1
какиенибудь,1
плюшка,1
договорённость,1
вовлечься,1
садиться,1
запеть,1
366ий,1
уфа,1
копить,1
вовремя,1
приглашаться,1
такса,1
выбраться,1
командировка,1
насущный,1
продлевать,1
367,1
368,1
369,1
гипотетический,1
93827,1
нейтральный,1
пимезон,1
mπ⁰13498,1
mₑ051,1
гиннес,1
1998,1
упоминаться,1
1986,1
3110³²,1
370,1
caii,1
8542,1
371,1
кассегрена,1
вторичный,1
собираться,1
372,1
пассивный,1
подлететь,1
373,1
374,1
сверхточный,1
эксцентричность,1
375,1
образовываться,1
влажность,1
376,1
голубь,1
цветение,1
лёгкость,1
преображать,1
восстанавливать,1
исцелять,1
заставлять,1
377,1
25000,1
накидывать,1
возрождать,1
379,1
978,1
вязать,1
чемтый,1
похожесть,1
сломать,1
380,1
развернуться,1
пуск,1
сводка,1
381,1
382,1
383,1
несчастие,1
потерянный,1
попрыгунчик,1
скафандр,1
жор,1
коллегиисполнитель,1
рефлексировать,1
непопулярный,1
показ,1
подстелить,1
соломка,1
гуглформа,1
httpsformsgleyupivpvnrztxqg9f6,1
баррикада,1
задействовать,1
уравнять,1
384,1
плашмя,1
385,1
толкнуть,1
today,1
интрига,1
386,1
387,1
слияние,1
388,1
равноденческий,1
околокалендарный,1
httpstmeboitsov_astro128,1
вступить,1
быт,1
умозрительный,1
389,1
квалифицировать,1
390,1
илона,1
адаптивный,1
391,1
2017,1
рассеивать,1
треть,1
неоднородность,1
интерференционный,1
миллисекунда,1
поддаваться,1
оцифровка,1
книжка,1
тыкать,1
кричать,1
мама,1
восхищать,1
завораживать,1
примечательный,1
заурядность,1
сочетание,1
случайность,1
бесценный,1
тихо,1
незаметно,1
количественно,1
выражать,1
отождествлять,1
вдох,1
перепощивать,1
капец,1
комплимент,1
392,1
монохроматичность,1
собеседник,1
393,1
394,1
395,1
аполлон,1
рис1,1
рис2,1
сжечь,1
рис,1
2290,1
проходиться,1
керосинкислород,1
сжигание,1
горючее,1
смесь,1
углеводород,1
углерод,1
867,1
споткнуться,1
четвёрочка,1
lxxix,1
страница,1
396,1
звуковой,1
распространяться,1
100к,1
молекулысм³,1
397,1
переставить,1
неизменный,1
astroedu_находка,1
398,1
399,1
обменяться,1
информационный,1
учебнотренировочный,1
astroedu_утс,1
просочиться,1
покусать,1
обильно,1
нагрузить,1
задачиловушка,1
сфертригоном,1
комп,1
тренировать,1
раздавать,1
fits,1
строка,1
сортировка,1
толк,1
прокачивать,1
тренироваться,1
401,1
фундаментальная_астрономия,1
натальный,1
1974,1
0826,1
выявить,1
доминировать,1
недоставать,1
знакзнак,1
зодиак,1
околоточный,1
поразить,1
управитель,1
соправитель,1
стоящий,1
символический,1
нестабильность,1
war,1
thunder,1
пьянка,1
каноник,1
гуру,1
секта,1
фрикануть,1
бегло,1
ослабить,1
тормоз,1
тротиловый,1
эквивалент,1
китаец,1
водка,1
кружочек,1
фундаментальность,1
экспериментировать,1
аутентичный,1
отказываться,1
добровольный,1
httpstmesektanewtona,1
402,1
пиццамэйкер,1
нарезка,1
выкинуть,1
403,1
отклониться,1
смещаться,1
404,1
8000,1
преодолевать,1
экономить,1
добавочный,1
выстрел,1
производьный,1
прекращать,1
корпоратив,1
организм,1
расслабиться,1
грипп,1
отравление,1
непреднамеренный,1
отпуск,1
заслуженно,1
апрельмать,1
неуместный,1
повтор,1
x30,1
чууть,1
апрелемая,1
жалеть,1
прочувствовать,1
онлайнзанятие,1
парето,1
специфичный,1
фатальный,1
перерыв,1
отъезд,1
неплохой,1
10го,1
чкалов,1
приглашение,1
задолжать,1
попасться,1
подгон,1
boitsob,1
возобновлять,1
2010,1
придраться,1
405,1
774,1
примесь,1
0081,1
литература,1
μ28,1
дивясотня,1
406,1
возрастать,1
обнаружение,1
mчас,1
shaman,1
христос,1
воскрес,1
407,1
пасхальный,1
408,1
незаходящий,1
распределённый,1
409,1
управление,1
бортовый,1
компьютер,1
отправлять,1
410,1
выстроиться,1
n1ий,1
2006,1
нумерация,1
r11,1
сопроводить,1
чертёж,1
411,1
указывать,1
преходящий,1
забывчивый,1
маёвцами,1
корпус,1
альмаматёр,1
бóльшуя,1
регалия,1
долголетие,1
талисман,1
любимица,1
охотница,1
вольный,1
приключение,1
умирать,1
забота,1
одинокий,1
вздох,1
пух,1
сметана,1
кошка,1
трёшка,1
крепко,1
врасти,1
погладить,1
зачёт,1
увековечить,1
маёвец,1
412,1
1800,1
возрастной,1
непрограммируемый,1
413,1
5метровый,1
чувствительный,1
орган,1
сравнимый,1
414,1
415,1
любоваться,1
пешеход,1
6ℎ45m,1
416,1
24m,1
417,1
всюду,1
30с,1
преимущественно,1
углекислый,1
0987,1
оживать,1
многообразие,1
приоткрыть,1
цениться,1
предметнометодический,1
муниципальный,1
автономный,1
общеобразовательный,1
округ,1
физикоматематический,1
кузнецов,1
владимирович,1
программист,1
штернберг,1
гораджан,1
сергеевич,1
виталиевич,1
георгиевич,1
конкурсный,1
блок,1
40100,1
30100,1
710,1
419,1
происхождение,1
xxi,1
выдвинуть,1
холодное,1
10¹⁵,1
искажать,1
площадка,1
км²,1
нагрев,1
передача,1
аккрецируть,1
421,1
422,1
5114,1
взаимный,1
спектрадьный,1
3857,1
423,1
вольф,1
w200,1
забегаться,1
чкаловский,1
аккуратно,1
вели,1
приводиться,1
исключить,1
перечисленный,1
cрести,1
обладательница,1
приз,1
мисс,1
11х,1
алтайский,1
_________________________________________________________________,1
достигнутый,1
424,1
фотонный,1
спичечный,1
505x375x145,1
425,1
луна10,1
58м,1
1007,1
rл1737,1
426,1
плосковыпуклый,1
ползти,1
муха,1
посеребрённый,1
выпуклый,1
стекло,1
427,1
разрезать,1
уничтожить,1
обустроить,1
срез,1
онлайнтура,1
празднование,1
80летие,1
выгрузка,1
подача,1
задержка,1
428,1
m21,1
патрулирование,1
предельный,1
m14,1
вспыхивать,1
мпк³,1
429,1
2098,1
футурландия,1
старенький,1
двадцатиметровый,1
натянутый,1
удлинённый,1
верёвочка,1
футурландский,1
перерисовать,1
тетрадь,1
бесчеловечный,1
нацистский,1
неспокойный,1
народ,1
воевать,1
предок,1
вотвота,1
430,1
1945,1
пилотыбомбардировщик,1
оценивать,1
дубха,1
uma,1
навигация,1
431,1
6600,1
апогей,1
7400,1
520,1
эксцентрический,1
432,1
545,1
америка,1
мыс,1
горн,1
5559,1
6717,1
экипаж,1
16ʰ,1
49ᵐ,1
6902,1
морской,1
05мина,1
необитаемый,1
прибытие,1
пятеро,1
433,1
1985,1
крымский,1
фотопластинка,1
корреспондент,1
газета,1
неправда,1
эфемерида,1
персонаж,1
приличный,1
жуткий,1
квант,1
2005,1
httpskvantmccmerupdf200505pdf,1
апокалипсис,1
434,1
икдиапазон,1
окружать,1
предполагаться,1
разрушение,1
001,1
20000,1
телескопрефрактор,1
барлоу,1
длить,1
436,1
оборудовать,1
обзор,1
10²⁸,1
мян,1
направленность,1
437,1
радиоэхо,1
ионизационный,1
11ч,1
02м,1
поворачивать,1
обнаруживать,1
12ч42м,1
росатом,1
курчатов,1
перечень,1
минобрнауки,1
призовой,1
прогоночный,1
httpsformsglewxcl8azbpyz1cebo9,1
438,1
078,1
0195,1
0538,1
018,1
439,1
пословенски,1
rimska,1
cesta,1
словения,1
1430,1
1230,1
12h50m,1
обитаемый,1
температурный,1
вдвое,1
441,1
крест,1
жиза,1
напиток,1
соприкосновение,1
блог,1
20202022,1
физтеший,1
будни,1
обстоятельство,1
вынудить,1
пить,1
наслаждаться,1
442,1
квадрат,1
fkv²,1
проанализировать,1
радиоастроном,1
повернуться,1
картографировать,1
444,1
экономия,1
выстраивание,1
446,1
столб,1
достоверный,1
0205,1
447,1
гринбэнк,1
сардиния,1
радиоастрономический,1
активизироваться,1
бороться,1
гнусный,1
нейросеть,1
отнимать,1
httpsapeksspacelpolucigramotu08be53,1
ясность,1
неясный,1
448,1
λ4866,1
σ3å,1
449,1
дада,1
ozon,1
скорый,1
яндексмаркет,1
издательство,1
смио,1
пресс,1
astroedu_книга,1
живить,1
450,1
выброс,1
радиоисточник,1
околосветовой,1
кажущийся,1
451,1
амплитудный,1
pov,1
таинственный,1
10²⁴,1
452,1
453,1
промежуточный,1
июньавгуст,1
дошлифовка,1
требовательный,1
круглогодичный,1
астроолимпиадник,1
полнсть,1
раздва,1
сдавать,1
выбывать,1
454,1
455,1
первоначально,1
изначальный,1
456,1
457,1
нагреть,1
перебить,1
денродить,1
хандра,1
праздничный,1
видеочат,1
стрим,1
458,1
6630,1
066,1
12h,1
eгловый,1
дальность,1
минобразец,1
утвердить,1
нестандартный,1
позиционироваться,1
онлайншкола,1
юридически,1
конторка,1
гарант,1
предоставлять,1
официально,1
нанимать,1
открыто,1
заявлять,1
уплачивать,1
налог,1
налоговый,1
отчисление,1
459,1
vela,1
236m,1
461,1
астофиз,1
реликтовый,1
межгалактический,1
462,1
парниковый,1
463,1
дисковый,1
гармония,1
гражданин,1
464,1
мазерной,1
метанол,1
666,1
яркостный,1
метаноловый,1
1600,1
077,1
mas,1
465,1
радионаблюдение,1
внегалактический,1
яндекс,1
древовидный,1
пион,1
099c,1
